,Year,Age_Group,Race,Sex,Transition_From,Transition_To,Rate
0,0-3,18-35,White,Male,Abs,Abs,0.8473056554794312
1,0-3,18-35,White,Male,Abs,Low,0.14559011161327362
2,0-3,18-35,White,Male,Abs,Med,9.999999747378752e-06
3,0-3,18-35,White,Male,Abs,High,2.223518396568682e-17
4,0-3,18-35,White,Male,Abs,Very High,0.007094243075698614
5,0-3,18-35,White,Male,Low,Abs,0.05428478494286537
6,0-3,18-35,White,Male,Low,Low,0.8945510983467102
7,0-3,18-35,White,Male,Low,Med,0.027667703106999397
8,0-3,18-35,White,Male,Low,High,0.016475046053528786
9,0-3,18-35,White,Male,Low,Very High,0.007021407131105661
10,0-3,18-35,White,Male,Med,Abs,2.9236910508923577e-17
11,0-3,18-35,White,Male,Med,Low,0.08489436656236649
12,0-3,18-35,White,Male,Med,Med,0.47420981526374817
13,0-3,18-35,White,Male,Med,High,0.44088539481163025
14,0-3,18-35,White,Male,Med,Very High,1.0420688340673223e-05
15,0-3,18-35,White,Male,High,Abs,0.13644592463970184
16,0-3,18-35,White,Male,High,Low,0.1038501039147377
17,0-3,18-35,White,Male,High,Med,1.0113551070389803e-05
18,0-3,18-35,White,Male,High,High,0.5513827800750732
19,0-3,18-35,White,Male,High,Very High,0.20831111073493958
20,0-3,18-35,White,Male,Very High,Abs,0.06112591177225113
21,0-3,18-35,White,Male,Very High,Low,0.20191816985607147
22,0-3,18-35,White,Male,Very High,Med,0.0669420063495636
23,0-3,18-35,White,Male,Very High,High,0.022204937413334846
24,0-3,18-35,White,Male,Very High,Very High,0.6478089690208435
25,3-8,18-35,White,Male,Abs,Abs,0.8560529947280884
26,3-8,18-35,White,Male,Abs,Low,0.12404700368642807
27,3-8,18-35,White,Male,Abs,Med,0.00989999994635582
28,3-8,18-35,White,Male,Abs,High,0.0
29,3-8,18-35,White,Male,Abs,Very High,0.009999999776482582
30,3-8,18-35,White,Male,Low,Abs,0.034606028348207474
31,3-8,18-35,White,Male,Low,Low,0.8633927702903748
32,3-8,18-35,White,Male,Low,Med,0.009999999776482582
33,3-8,18-35,White,Male,Low,High,0.04195833206176758
34,3-8,18-35,White,Male,Low,Very High,0.05004287138581276
35,3-8,18-35,White,Male,Med,Abs,0.011207273229956627
36,3-8,18-35,White,Male,Med,Low,0.05848773568868637
37,3-8,18-35,White,Male,Med,Med,0.4565078020095825
38,3-8,18-35,White,Male,Med,High,0.44410303235054016
39,3-8,18-35,White,Male,Med,Very High,0.02969413809478283
40,3-8,18-35,White,Male,High,Abs,0.1694742888212204
41,3-8,18-35,White,Male,High,Low,0.058414120227098465
42,3-8,18-35,White,Male,High,Med,0.02486994117498398
43,3-8,18-35,White,Male,High,High,0.49467405676841736
44,3-8,18-35,White,Male,High,Very High,0.2525676190853119
45,3-8,18-35,White,Male,Very High,Abs,0.11538176983594894
46,3-8,18-35,White,Male,Very High,Low,0.07748205959796906
47,3-8,18-35,White,Male,Very High,Med,0.12510336935520172
48,3-8,18-35,White,Male,Very High,High,0.020959870889782906
49,3-8,18-35,White,Male,Very High,Very High,0.6610729098320007
50,8+,18-35,White,Male,Abs,Abs,0.8638926148414612
51,8+,18-35,White,Male,Abs,Low,0.13610735535621643
52,8+,18-35,White,Male,Abs,Med,0.0
53,8+,18-35,White,Male,Abs,High,0.0
54,8+,18-35,White,Male,Abs,Very High,0.0
55,8+,18-35,White,Male,Low,Abs,0.014363725669682026
56,8+,18-35,White,Male,Low,Low,0.8704825639724731
57,8+,18-35,White,Male,Low,Med,0.019996212795376778
58,8+,18-35,White,Male,Low,High,0.06149063631892204
59,8+,18-35,White,Male,Low,Very High,0.03366689756512642
60,8+,18-35,White,Male,Med,Abs,0.010215884074568748
61,8+,18-35,White,Male,Med,Low,0.10599051415920258
62,8+,18-35,White,Male,Med,Med,0.41136083006858826
63,8+,18-35,White,Male,Med,High,0.3159617781639099
64,8+,18-35,White,Male,Med,Very High,0.15647096931934357
65,8+,18-35,White,Male,High,Abs,0.08224355429410934
66,8+,18-35,White,Male,High,Low,0.07293500751256943
67,8+,18-35,White,Male,High,Med,0.011999539099633694
68,8+,18-35,White,Male,High,High,0.555190920829773
69,8+,18-35,White,Male,High,Very High,0.277631014585495
70,8+,18-35,White,Male,Very High,Abs,0.21098878979682922
71,8+,18-35,White,Male,Very High,Low,0.026565687730908394
72,8+,18-35,White,Male,Very High,Med,0.24907909333705902
73,8+,18-35,White,Male,Very High,High,0.030224300920963287
74,8+,18-35,White,Male,Very High,Very High,0.4831421375274658
75,0-3,18-35,Black,Male,Abs,Abs,0.9163495898246765
76,0-3,18-35,Black,Male,Abs,Low,0.07386358827352524
77,0-3,18-35,Black,Male,Abs,Med,0.005835261195898056
78,0-3,18-35,Black,Male,Abs,High,0.0
79,0-3,18-35,Black,Male,Abs,Very High,0.003951560705900192
80,0-3,18-35,Black,Male,Low,Abs,0.06605725735425949
81,0-3,18-35,Black,Male,Low,Low,0.8721432685852051
82,0-3,18-35,Black,Male,Low,Med,0.021555818617343903
83,0-3,18-35,Black,Male,Low,High,0.04023362696170807
84,0-3,18-35,Black,Male,Low,Very High,1.0000299880630337e-05
85,0-3,18-35,Black,Male,Med,Abs,0.04772923141717911
86,0-3,18-35,Black,Male,Med,Low,0.669299840927124
87,0-3,18-35,Black,Male,Med,Med,0.22711454331874847
88,0-3,18-35,Black,Male,Med,High,0.055856406688690186
89,0-3,18-35,Black,Male,Med,Very High,0.0
90,0-3,18-35,Black,Male,High,Abs,0.025011418387293816
91,0-3,18-35,Black,Male,High,Low,0.16503001749515533
92,0-3,18-35,Black,Male,High,Med,0.0
93,0-3,18-35,Black,Male,High,High,0.4926320016384125
94,0-3,18-35,Black,Male,High,Very High,0.3173265755176544
95,0-3,18-35,Black,Male,Very High,Abs,0.05581061542034149
96,0-3,18-35,Black,Male,Very High,Low,0.1722903698682785
97,0-3,18-35,Black,Male,Very High,Med,0.12518183887004852
98,0-3,18-35,Black,Male,Very High,High,0.03277522698044777
99,0-3,18-35,Black,Male,Very High,Very High,0.6139419674873352
100,3-8,18-35,Black,Male,Abs,Abs,0.9262439012527466
101,3-8,18-35,Black,Male,Abs,Low,0.05385611578822136
102,3-8,18-35,Black,Male,Abs,Med,0.00989999994635582
103,3-8,18-35,Black,Male,Abs,High,0.0
104,3-8,18-35,Black,Male,Abs,Very High,0.009999999776482582
105,3-8,18-35,Black,Male,Low,Abs,0.04475819319486618
106,3-8,18-35,Black,Male,Low,Low,0.8294969797134399
107,3-8,18-35,Black,Male,Low,Med,0.009999999776482582
108,3-8,18-35,Black,Male,Low,High,0.06579846143722534
109,3-8,18-35,Black,Male,Low,Very High,0.04994634538888931
110,3-8,18-35,Black,Male,Med,Abs,0.02664121985435486
111,3-8,18-35,Black,Male,Med,Low,0.6064798831939697
112,3-8,18-35,Black,Male,Med,Med,0.2493094950914383
113,3-8,18-35,Black,Male,Med,High,0.08806619048118591
114,3-8,18-35,Black,Male,Med,Very High,0.029503224417567253
115,3-8,18-35,Black,Male,High,Abs,0.04879942163825035
116,3-8,18-35,Black,Male,High,Low,0.11931734532117844
117,3-8,18-35,Black,Male,High,Med,0.024406317621469498
118,3-8,18-35,Black,Male,High,High,0.43851134181022644
119,3-8,18-35,Black,Male,High,Very High,0.3689655661582947
120,3-8,18-35,Black,Male,Very High,Abs,0.11187142133712769
121,3-8,18-35,Black,Male,Very High,Low,0.05981503799557686
122,3-8,18-35,Black,Male,Very High,Med,0.17637431621551514
123,3-8,18-35,Black,Male,Very High,High,0.020825041458010674
124,3-8,18-35,Black,Male,Very High,Very High,0.6311141848564148
125,8+,18-35,Black,Male,Abs,Abs,0.9363217949867249
126,8+,18-35,Black,Male,Abs,Low,0.06367820501327515
127,8+,18-35,Black,Male,Abs,Med,0.0
128,8+,18-35,Black,Male,Abs,High,0.0
129,8+,18-35,Black,Male,Abs,Very High,0.0
130,8+,18-35,Black,Male,Low,Abs,0.022750386968255043
131,8+,18-35,Black,Male,Low,Low,0.8401780724525452
132,8+,18-35,Black,Male,Low,Med,0.019991761073470116
133,8+,18-35,Black,Male,Low,High,0.08223329484462738
134,8+,18-35,Black,Male,Low,Very High,0.0348464660346508
135,8+,18-35,Black,Male,Med,Abs,0.010203482583165169
136,8+,18-35,Black,Male,Med,Low,0.5269065499305725
137,8+,18-35,Black,Male,Med,Med,0.23694750666618347
138,8+,18-35,Black,Male,Med,High,0.07067000865936279
139,8+,18-35,Black,Male,Med,Very High,0.1552724987268448
140,8+,18-35,Black,Male,High,Abs,0.022270189598202705
141,8+,18-35,Black,Male,High,Low,0.11834334582090378
142,8+,18-35,Black,Male,High,Med,0.009657829068601131
143,8+,18-35,Black,Male,High,High,0.46305426955223083
144,8+,18-35,Black,Male,High,Very High,0.3866743743419647
145,8+,18-35,Black,Male,Very High,Abs,0.1960475742816925
146,8+,18-35,Black,Male,Very High,Low,0.026551635935902596
147,8+,18-35,Black,Male,Very High,Med,0.3057480752468109
148,8+,18-35,Black,Male,Very High,High,0.03017302230000496
149,8+,18-35,Black,Male,Very High,Very High,0.44147971272468567
150,0-3,18-35,Hispanic,Male,Abs,Abs,0.9028511047363281
151,0-3,18-35,Hispanic,Male,Abs,Low,0.08587110042572021
152,0-3,18-35,Hispanic,Male,Abs,Med,0.00859559141099453
153,0-3,18-35,Hispanic,Male,Abs,High,0.0
154,0-3,18-35,Hispanic,Male,Abs,Very High,0.0026822322979569435
155,0-3,18-35,Hispanic,Male,Low,Abs,0.06706397235393524
156,0-3,18-35,Hispanic,Male,Low,Low,0.8708940148353577
157,0-3,18-35,Hispanic,Male,Low,Med,0.02175017260015011
158,0-3,18-35,Hispanic,Male,Low,High,0.04028186947107315
159,0-3,18-35,Hispanic,Male,Low,Very High,1.0000310794566758e-05
160,0-3,18-35,Hispanic,Male,Med,Abs,0.04860822483897209
161,0-3,18-35,Hispanic,Male,Med,Low,0.6736071109771729
162,0-3,18-35,Hispanic,Male,Med,Med,0.2219458520412445
163,0-3,18-35,Hispanic,Male,Med,High,0.05583883076906204
164,0-3,18-35,Hispanic,Male,Med,Very High,0.0
165,0-3,18-35,Hispanic,Male,High,Abs,0.024976389482617378
166,0-3,18-35,Hispanic,Male,High,Low,0.16476128995418549
167,0-3,18-35,Hispanic,Male,High,Med,0.0
168,0-3,18-35,Hispanic,Male,High,High,0.4927726089954376
169,0-3,18-35,Hispanic,Male,High,Very High,0.31748974323272705
170,0-3,18-35,Hispanic,Male,Very High,Abs,0.05654267966747284
171,0-3,18-35,Hispanic,Male,Very High,Low,0.1701531559228897
172,0-3,18-35,Hispanic,Male,Very High,Med,0.12646330893039703
173,0-3,18-35,Hispanic,Male,Very High,High,0.03280845284461975
174,0-3,18-35,Hispanic,Male,Very High,Very High,0.6140323877334595
175,3-8,18-35,Hispanic,Male,Abs,Abs,0.9144253134727478
176,3-8,18-35,Hispanic,Male,Abs,Low,0.06567470729351044
177,3-8,18-35,Hispanic,Male,Abs,Med,0.00989999994635582
178,3-8,18-35,Hispanic,Male,Abs,High,0.0
179,3-8,18-35,Hispanic,Male,Abs,Very High,0.009999999776482582
180,3-8,18-35,Hispanic,Male,Low,Abs,0.04568915814161301
181,3-8,18-35,Hispanic,Male,Low,Low,0.8284732103347778
182,3-8,18-35,Hispanic,Male,Low,Med,0.009999999776482582
183,3-8,18-35,Hispanic,Male,Low,High,0.06586635857820511
184,3-8,18-35,Hispanic,Male,Low,Very High,0.04997127875685692
185,3-8,18-35,Hispanic,Male,Med,Abs,0.02756364829838276
186,3-8,18-35,Hispanic,Male,Med,Low,0.6106411218643188
187,3-8,18-35,Hispanic,Male,Med,Med,0.24423420429229736
188,3-8,18-35,Hispanic,Male,Med,High,0.08808176964521408
189,3-8,18-35,Hispanic,Male,Med,Very High,0.02947923168540001
190,3-8,18-35,Hispanic,Male,High,Abs,0.04876179248094559
191,3-8,18-35,Hispanic,Male,High,Low,0.1190485954284668
192,3-8,18-35,Hispanic,Male,High,Med,0.02440689504146576
193,3-8,18-35,Hispanic,Male,High,High,0.43864113092422485
194,3-8,18-35,Hispanic,Male,High,Very High,0.3691415786743164
195,3-8,18-35,Hispanic,Male,Very High,Abs,0.11246247589588165
196,3-8,18-35,Hispanic,Male,Very High,Low,0.05825786665081978
197,3-8,18-35,Hispanic,Male,Very High,Med,0.1774279624223709
198,3-8,18-35,Hispanic,Male,Very High,High,0.02082144096493721
199,3-8,18-35,Hispanic,Male,Very High,Very High,0.631030261516571
200,8+,18-35,Hispanic,Male,Abs,Abs,0.9240193963050842
201,8+,18-35,Hispanic,Male,Abs,Low,0.07598066329956055
202,8+,18-35,Hispanic,Male,Abs,Med,0.0
203,8+,18-35,Hispanic,Male,Abs,High,0.0
204,8+,18-35,Hispanic,Male,Abs,Very High,0.0
205,8+,18-35,Hispanic,Male,Low,Abs,0.02342054434120655
206,8+,18-35,Hispanic,Male,Low,Low,0.8392829895019531
207,8+,18-35,Hispanic,Male,Low,Med,0.019991721957921982
208,8+,18-35,Hispanic,Male,Low,High,0.08243189752101898
209,8+,18-35,Hispanic,Male,Low,Very High,0.034872863441705704
210,8+,18-35,Hispanic,Male,Med,Abs,0.010204672813415527
211,8+,18-35,Hispanic,Male,Med,Low,0.5306651592254639
212,8+,18-35,Hispanic,Male,Med,Med,0.23315025866031647
213,8+,18-35,Hispanic,Male,Med,High,0.07069024443626404
214,8+,18-35,Hispanic,Male,Med,Very High,0.1552896797657013
215,8+,18-35,Hispanic,Male,High,Abs,0.022270863875746727
216,8+,18-35,Hispanic,Male,High,Low,0.11803798377513885
217,8+,18-35,Hispanic,Male,High,Med,0.009657740592956543
218,8+,18-35,Hispanic,Male,High,High,0.4631779193878174
219,8+,18-35,Hispanic,Male,High,Very High,0.38685548305511475
220,8+,18-35,Hispanic,Male,Very High,Abs,0.19632357358932495
221,8+,18-35,Hispanic,Male,Very High,Low,0.026552295312285423
222,8+,18-35,Hispanic,Male,Very High,Med,0.30657535791397095
223,8+,18-35,Hispanic,Male,Very High,High,0.03017175756394863
224,8+,18-35,Hispanic,Male,Very High,Very High,0.44037699699401855
225,0-3,18-35,Other,Male,Abs,Abs,0.7898261547088623
226,0-3,18-35,Other,Male,Abs,Low,0.2051677405834198
227,0-3,18-35,Other,Male,Abs,Med,0.0040058293379843235
228,0-3,18-35,Other,Male,Abs,High,0.0
229,0-3,18-35,Other,Male,Abs,Very High,0.001000255811959505
230,0-3,18-35,Other,Male,Low,Abs,0.07691852748394012
231,0-3,18-35,Other,Male,Low,Low,0.8608130812644958
232,0-3,18-35,Other,Male,Low,Med,0.021964233368635178
233,0-3,18-35,Other,Male,Low,High,0.03895242139697075
234,0-3,18-35,Other,Male,Low,Very High,0.0013517517363652587
235,0-3,18-35,Other,Male,Med,Abs,0.052972469478845596
236,0-3,18-35,Other,Male,Med,Low,0.6638210415840149
237,0-3,18-35,Other,Male,Med,Med,0.2275906354188919
238,0-3,18-35,Other,Male,Med,High,0.055615853518247604
239,0-3,18-35,Other,Male,Med,Very High,0.0
240,0-3,18-35,Other,Male,High,Abs,0.025969699025154114
241,0-3,18-35,Other,Male,High,Low,0.16372396051883698
242,0-3,18-35,Other,Male,High,Med,2.202886361422017e-17
243,0-3,18-35,Other,Male,High,High,0.49256229400634766
244,0-3,18-35,Other,Male,High,Very High,0.31774404644966125
245,0-3,18-35,Other,Male,Very High,Abs,0.06496299803256989
246,0-3,18-35,Other,Male,Very High,Low,0.16257299482822418
247,0-3,18-35,Other,Male,Very High,Med,0.125117689371109
248,0-3,18-35,Other,Male,Very High,High,0.03409432992339134
249,0-3,18-35,Other,Male,Very High,Very High,0.6132519841194153
250,3-8,18-35,Other,Male,Abs,Abs,0.7976289391517639
251,3-8,18-35,Other,Male,Abs,Low,0.18247103691101074
252,3-8,18-35,Other,Male,Abs,Med,0.00989999994635582
253,3-8,18-35,Other,Male,Abs,High,0.0
254,3-8,18-35,Other,Male,Abs,Very High,0.009999999776482582
255,3-8,18-35,Other,Male,Low,Abs,0.05485621094703674
256,3-8,18-35,Other,Male,Low,Low,0.8204222321510315
257,3-8,18-35,Other,Male,Low,Med,0.009999999776482582
258,3-8,18-35,Other,Male,Low,High,0.06466710567474365
259,3-8,18-35,Other,Male,Low,Very High,0.05005446448922157
260,3-8,18-35,Other,Male,Med,Abs,0.03166690468788147
261,3-8,18-35,Other,Male,Med,Low,0.6014373302459717
262,3-8,18-35,Other,Male,Med,Med,0.24958117306232452
263,3-8,18-35,Other,Male,Med,High,0.08778709918260574
264,3-8,18-35,Other,Male,Med,Very High,0.02952747978270054
265,3-8,18-35,Other,Male,High,Abs,0.04981902986764908
266,3-8,18-35,Other,Male,High,Low,0.11800219863653183
267,3-8,18-35,Other,Male,High,Med,0.02440253645181656
268,3-8,18-35,Other,Male,High,High,0.4383968412876129
269,3-8,18-35,Other,Male,High,Very High,0.3693793714046478
270,3-8,18-35,Other,Male,Very High,Abs,0.11951174587011337
271,3-8,18-35,Other,Male,Very High,Low,0.0529310442507267
272,3-8,18-35,Other,Male,Very High,Med,0.17633368074893951
273,3-8,18-35,Other,Male,Very High,High,0.020806916058063507
274,3-8,18-35,Other,Male,Very High,Very High,0.6304166316986084
275,8+,18-35,Other,Male,Abs,Abs,0.804064154624939
276,8+,18-35,Other,Male,Abs,Low,0.19593584537506104
277,8+,18-35,Other,Male,Abs,Med,0.0
278,8+,18-35,Other,Male,Abs,High,0.0
279,8+,18-35,Other,Male,Abs,Very High,0.0
280,8+,18-35,Other,Male,Low,Abs,0.030014123767614365
281,8+,18-35,Other,Male,Low,Low,0.8321976065635681
282,8+,18-35,Other,Male,Low,Med,0.019991695880889893
283,8+,18-35,Other,Male,Low,High,0.08272570371627808
284,8+,18-35,Other,Male,Low,Very High,0.035070888698101044
285,8+,18-35,Other,Male,Med,Abs,0.01020336989313364
286,8+,18-35,Other,Male,Med,Low,0.5247892737388611
287,8+,18-35,Other,Male,Med,Med,0.23813366889953613
288,8+,18-35,Other,Male,Med,High,0.07090923190116882
289,8+,18-35,Other,Male,Med,Very High,0.1559644639492035
290,8+,18-35,Other,Male,High,Abs,0.022273315116763115
291,8+,18-35,Other,Male,High,Low,0.11693833768367767
292,8+,18-35,Other,Male,High,Med,0.009661320596933365
293,8+,18-35,Other,Male,High,High,0.4634990394115448
294,8+,18-35,Other,Male,High,Very High,0.3876279890537262
295,8+,18-35,Other,Male,Very High,Abs,0.2032802850008011
296,8+,18-35,Other,Male,Very High,Low,0.02656870149075985
297,8+,18-35,Other,Male,Very High,Med,0.3033747673034668
298,8+,18-35,Other,Male,Very High,High,0.03016768768429756
299,8+,18-35,Other,Male,Very High,Very High,0.43660855293273926
300,0-3,18-35,White,Female,Abs,Abs,0.8799750804901123
301,0-3,18-35,White,Female,Abs,Low,0.11793059855699539
302,0-3,18-35,White,Female,Abs,Med,0.002094345400109887
303,0-3,18-35,White,Female,Abs,High,0.0
304,0-3,18-35,White,Female,Abs,Very High,0.0
305,0-3,18-35,White,Female,Low,Abs,0.1357368677854538
306,0-3,18-35,White,Female,Low,Low,0.7700889110565186
307,0-3,18-35,White,Female,Low,Med,0.03970427066087723
308,0-3,18-35,White,Female,Low,High,0.03543606027960777
309,0-3,18-35,White,Female,Low,Very High,0.019033899530768394
310,0-3,18-35,White,Female,Med,Abs,0.0
311,0-3,18-35,White,Female,Med,Low,0.3131042420864105
312,0-3,18-35,White,Female,Med,Med,0.4926578402519226
313,0-3,18-35,White,Female,Med,High,0.19423794746398926
314,0-3,18-35,White,Female,Med,Very High,0.0
315,0-3,18-35,White,Female,High,Abs,0.0
316,0-3,18-35,White,Female,High,Low,0.25645163655281067
317,0-3,18-35,White,Female,High,Med,0.0
318,0-3,18-35,White,Female,High,High,0.4321610927581787
319,0-3,18-35,White,Female,High,Very High,0.31138724088668823
320,0-3,18-35,White,Female,Very High,Abs,0.2064095437526703
321,0-3,18-35,White,Female,Very High,Low,1.00464503702824e-05
322,0-3,18-35,White,Female,Very High,Med,0.2868027687072754
323,0-3,18-35,White,Female,Very High,High,0.008170544169843197
324,0-3,18-35,White,Female,Very High,Very High,0.4986070990562439
325,3-8,18-35,White,Female,Abs,Abs,0.8837944865226746
326,3-8,18-35,White,Female,Abs,Low,0.09630550444126129
327,3-8,18-35,White,Female,Abs,Med,0.00989999994635582
328,3-8,18-35,White,Female,Abs,High,0.0
329,3-8,18-35,White,Female,Abs,Very High,0.009999999776482582
330,3-8,18-35,White,Female,Low,Abs,0.1117003783583641
331,3-8,18-35,White,Female,Low,Low,0.7538325786590576
332,3-8,18-35,White,Female,Low,Med,0.009999999776482582
333,3-8,18-35,White,Female,Low,High,0.06320100277662277
334,3-8,18-35,White,Female,Low,Very High,0.061266038566827774
335,3-8,18-35,White,Female,Med,Abs,0.011424215510487556
336,3-8,18-35,White,Female,Med,Low,0.2594616711139679
337,3-8,18-35,White,Female,Med,Med,0.4840202331542969
338,3-8,18-35,White,Female,Med,High,0.21497967839241028
339,3-8,18-35,White,Female,Med,Very High,0.03011421486735344
340,3-8,18-35,White,Female,High,Abs,0.03255541995167732
341,3-8,18-35,White,Female,High,Low,0.20746053755283356
342,3-8,18-35,White,Female,High,Med,0.024030016735196114
343,3-8,18-35,White,Female,High,High,0.37716150283813477
344,3-8,18-35,White,Female,High,Very High,0.3587925136089325
345,3-8,18-35,White,Female,Very High,Abs,0.22165536880493164
346,3-8,18-35,White,Female,Very High,Low,0.010162273421883583
347,3-8,18-35,White,Female,Very High,Med,0.2923312187194824
348,3-8,18-35,White,Female,Very High,High,0.019165482372045517
349,3-8,18-35,White,Female,Very High,Very High,0.4566856324672699
350,8+,18-35,White,Female,Abs,Abs,0.8923887610435486
351,8+,18-35,White,Female,Abs,Low,0.10761123895645142
352,8+,18-35,White,Female,Abs,Med,0.0
353,8+,18-35,White,Female,Abs,High,0.0
354,8+,18-35,White,Female,Abs,Very High,0.0
355,8+,18-35,White,Female,Low,Abs,0.07655005156993866
356,8+,18-35,White,Female,Low,Low,0.7791605591773987
357,8+,18-35,White,Female,Low,Med,0.019990624859929085
358,8+,18-35,White,Female,Low,High,0.08823791891336441
359,8+,18-35,White,Female,Low,Very High,0.03606085479259491
360,8+,18-35,White,Female,Med,Abs,0.010150955058634281
361,8+,18-35,White,Female,Med,Low,0.2513391375541687
362,8+,18-35,White,Female,Med,Med,0.42572808265686035
363,8+,18-35,White,Female,Med,High,0.15621793270111084
364,8+,18-35,White,Female,Med,Very High,0.15656393766403198
365,8+,18-35,White,Female,High,Abs,0.021917182952165604
366,8+,18-35,White,Female,High,Low,0.21363236010074615
367,8+,18-35,White,Female,High,Med,0.009684820659458637
368,8+,18-35,White,Female,High,High,0.38836872577667236
369,8+,18-35,White,Female,High,Very High,0.36639687418937683
370,8+,18-35,White,Female,Very High,Abs,0.2803236246109009
371,8+,18-35,White,Female,Very High,Low,0.026597341522574425
372,8+,18-35,White,Female,Very High,Med,0.3984035849571228
373,8+,18-35,White,Female,Very High,High,0.030008168891072273
374,8+,18-35,White,Female,Very High,Very High,0.264667272567749
375,0-3,18-35,Black,Female,Abs,Abs,0.9380822777748108
376,0-3,18-35,Black,Female,Abs,Low,0.03184768930077553
377,0-3,18-35,Black,Female,Abs,Med,0.027886664494872093
378,0-3,18-35,Black,Female,Abs,High,0.002173379994928837
379,0-3,18-35,Black,Female,Abs,Very High,1.0000127986131702e-05
380,0-3,18-35,Black,Female,Low,Abs,0.14580552279949188
381,0-3,18-35,Black,Female,Low,Low,0.7965775728225708
382,0-3,18-35,Black,Female,Low,Med,9.930447049555369e-06
383,0-3,18-35,Black,Female,Low,High,0.021154742687940598
384,0-3,18-35,Black,Female,Low,Very High,0.03645225241780281
385,0-3,18-35,Black,Female,Med,Abs,0.0
386,0-3,18-35,Black,Female,Med,Low,0.534981906414032
387,0-3,18-35,Black,Female,Med,Med,0.4650181531906128
388,0-3,18-35,Black,Female,Med,High,0.0
389,0-3,18-35,Black,Female,Med,Very High,0.0
390,0-3,18-35,Black,Female,High,Abs,0.0
391,0-3,18-35,Black,Female,High,Low,0.18374626338481903
392,0-3,18-35,Black,Female,High,Med,0.0
393,0-3,18-35,Black,Female,High,High,0.703970193862915
394,0-3,18-35,Black,Female,High,Very High,0.11228349804878235
395,0-3,18-35,Black,Female,Very High,Abs,0.1583249717950821
396,0-3,18-35,Black,Female,Very High,Low,0.0
397,0-3,18-35,Black,Female,Very High,Med,0.30063387751579285
398,0-3,18-35,Black,Female,Very High,High,0.012015732005238533
399,0-3,18-35,Black,Female,Very High,Very High,0.5290253758430481
400,3-8,18-35,Black,Female,Abs,Abs,0.9621003270149231
401,3-8,18-35,Black,Female,Abs,Low,0.01799968257546425
402,3-8,18-35,Black,Female,Abs,Med,0.00989999994635582
403,3-8,18-35,Black,Female,Abs,High,0.0
404,3-8,18-35,Black,Female,Abs,Very High,0.009999999776482582
405,3-8,18-35,Black,Female,Low,Abs,0.11729951947927475
406,3-8,18-35,Black,Female,Low,Low,0.7492771148681641
407,3-8,18-35,Black,Female,Low,Med,0.009999999776482582
408,3-8,18-35,Black,Female,Low,High,0.04682395979762077
409,3-8,18-35,Black,Female,Low,Very High,0.07659941166639328
410,3-8,18-35,Black,Female,Med,Abs,0.011118002235889435
411,3-8,18-35,Black,Female,Med,Low,0.4449494779109955
412,3-8,18-35,Black,Female,Med,Med,0.45330891013145447
413,3-8,18-35,Black,Female,Med,High,0.06067804992198944
414,3-8,18-35,Black,Female,Med,Very High,0.029945598915219307
415,3-8,18-35,Black,Female,High,Abs,0.035631246864795685
416,3-8,18-35,Black,Female,High,Low,0.14067386090755463
417,3-8,18-35,Black,Female,High,Med,0.027410348877310753
418,3-8,18-35,Black,Female,High,High,0.6425206661224365
419,3-8,18-35,Black,Female,High,Very High,0.15376384556293488
420,3-8,18-35,Black,Female,Very High,Abs,0.18360890448093414
421,3-8,18-35,Black,Female,Very High,Low,0.01017270889133215
422,3-8,18-35,Black,Female,Very High,Med,0.30282172560691833
423,3-8,18-35,Black,Female,Very High,High,0.01923411339521408
424,3-8,18-35,Black,Female,Very High,Very High,0.48416250944137573
425,8+,18-35,Black,Female,Abs,Abs,0.9749181270599365
426,8+,18-35,Black,Female,Abs,Low,0.025081869214773178
427,8+,18-35,Black,Female,Abs,Med,0.0
428,8+,18-35,Black,Female,Abs,High,0.0
429,8+,18-35,Black,Female,Abs,Very High,0.0
430,8+,18-35,Black,Female,Low,Abs,0.08140616863965988
431,8+,18-35,Black,Female,Low,Low,0.7785935401916504
432,8+,18-35,Black,Female,Low,Med,0.01999538391828537
433,8+,18-35,Black,Female,Low,High,0.07560127973556519
434,8+,18-35,Black,Female,Low,Very High,0.04440366104245186
435,8+,18-35,Black,Female,Med,Abs,0.010139329358935356
436,8+,18-35,Black,Female,Med,Low,0.3884328305721283
437,8+,18-35,Black,Female,Med,Med,0.3936446011066437
438,8+,18-35,Black,Female,Med,High,0.05226607993245125
439,8+,18-35,Black,Female,Med,Very High,0.15551720559597015
440,8+,18-35,Black,Female,High,Abs,0.023742299526929855
441,8+,18-35,Black,Female,High,Low,0.1448782980442047
442,8+,18-35,Black,Female,High,Med,0.012944133952260017
443,8+,18-35,Black,Female,High,High,0.6700904965400696
444,8+,18-35,Black,Female,High,Very High,0.1483447551727295
445,8+,18-35,Black,Female,Very High,Abs,0.24322257936000824
446,8+,18-35,Black,Female,Very High,Low,0.02651936002075672
447,8+,18-35,Black,Female,Very High,Med,0.4138796925544739
448,8+,18-35,Black,Female,Very High,High,0.03002350404858589
449,8+,18-35,Black,Female,Very High,Very High,0.28635483980178833
450,0-3,18-35,Hispanic,Female,Abs,Abs,0.9279876947402954
451,0-3,18-35,Hispanic,Female,Abs,Low,0.0428827740252018
452,0-3,18-35,Hispanic,Female,Abs,Med,0.028118811547756195
453,0-3,18-35,Hispanic,Female,Abs,High,0.0010006701340898871
454,0-3,18-35,Hispanic,Female,Abs,Very High,1.0000813745136838e-05
455,0-3,18-35,Hispanic,Female,Low,Abs,0.14735904335975647
456,0-3,18-35,Hispanic,Female,Low,Low,0.7949775457382202
457,0-3,18-35,Hispanic,Female,Low,Med,1.0050003766082227e-05
458,0-3,18-35,Hispanic,Female,Low,High,0.021494656801223755
459,0-3,18-35,Hispanic,Female,Low,Very High,0.03615870699286461
460,0-3,18-35,Hispanic,Female,Med,Abs,0.0
461,0-3,18-35,Hispanic,Female,Med,Low,0.5344332456588745
462,0-3,18-35,Hispanic,Female,Med,Med,0.4655667543411255
463,0-3,18-35,Hispanic,Female,Med,High,0.0
464,0-3,18-35,Hispanic,Female,Med,Very High,0.0
465,0-3,18-35,Hispanic,Female,High,Abs,0.0
466,0-3,18-35,Hispanic,Female,High,Low,0.18307016789913177
467,0-3,18-35,Hispanic,Female,High,Med,0.0
468,0-3,18-35,Hispanic,Female,High,High,0.7045193314552307
469,0-3,18-35,Hispanic,Female,High,Very High,0.11241047829389572
470,0-3,18-35,Hispanic,Female,Very High,Abs,0.15961068868637085
471,0-3,18-35,Hispanic,Female,Very High,Low,0.0
472,0-3,18-35,Hispanic,Female,Very High,Med,0.29874303936958313
473,0-3,18-35,Hispanic,Female,Very High,High,0.012011419981718063
474,0-3,18-35,Hispanic,Female,Very High,Very High,0.5296348929405212
475,3-8,18-35,Hispanic,Female,Abs,Abs,0.9549522995948792
476,3-8,18-35,Hispanic,Female,Abs,Low,0.025147702544927597
477,3-8,18-35,Hispanic,Female,Abs,Med,0.00989999994635582
478,3-8,18-35,Hispanic,Female,Abs,High,0.0
479,3-8,18-35,Hispanic,Female,Abs,Very High,0.009999999776482582
480,3-8,18-35,Hispanic,Female,Low,Abs,0.11871418356895447
481,3-8,18-35,Hispanic,Female,Low,Low,0.747809886932373
482,3-8,18-35,Hispanic,Female,Low,Med,0.009999999776482582
483,3-8,18-35,Hispanic,Female,Low,High,0.047167547047138214
484,3-8,18-35,Hispanic,Female,Low,Very High,0.07630842924118042
485,3-8,18-35,Hispanic,Female,Med,Abs,0.01112152449786663
486,3-8,18-35,Hispanic,Female,Med,Low,0.44444990158081055
487,3-8,18-35,Hispanic,Female,Med,Med,0.45379945635795593
488,3-8,18-35,Hispanic,Female,Med,High,0.060680922120809555
489,3-8,18-35,Hispanic,Female,Med,Very High,0.02994818426668644
490,3-8,18-35,Hispanic,Female,High,Abs,0.03563867136836052
491,3-8,18-35,Hispanic,Female,High,Low,0.13998860120773315
492,3-8,18-35,Hispanic,Female,High,Med,0.027420321479439735
493,3-8,18-35,Hispanic,Female,High,High,0.6430320143699646
494,3-8,18-35,Hispanic,Female,High,Very High,0.15392035245895386
495,3-8,18-35,Hispanic,Female,Very High,Abs,0.18460457026958466
496,3-8,18-35,Hispanic,Female,Very High,Low,0.01017190981656313
497,3-8,18-35,Hispanic,Female,Very High,Med,0.30125129222869873
498,3-8,18-35,Hispanic,Female,Very High,High,0.0192353967577219
499,3-8,18-35,Hispanic,Female,Very High,Very High,0.4847368597984314
500,8+,18-35,Hispanic,Female,Abs,Abs,0.9668946862220764
501,8+,18-35,Hispanic,Female,Abs,Low,0.03310530260205269
502,8+,18-35,Hispanic,Female,Abs,Med,0.0
503,8+,18-35,Hispanic,Female,Abs,High,0.0
504,8+,18-35,Hispanic,Female,Abs,Very High,0.0
505,8+,18-35,Hispanic,Female,Low,Abs,0.08262354880571365
506,8+,18-35,Hispanic,Female,Low,Low,0.7771811485290527
507,8+,18-35,Hispanic,Female,Low,Med,0.019995268434286118
508,8+,18-35,Hispanic,Female,Low,High,0.07595669478178024
509,8+,18-35,Hispanic,Female,Low,Very High,0.04424336180090904
510,8+,18-35,Hispanic,Female,Med,Abs,0.010139144957065582
511,8+,18-35,Hispanic,Female,Med,Low,0.3880317807197571
512,8+,18-35,Hispanic,Female,Med,Med,0.3940401077270508
513,8+,18-35,Hispanic,Female,Med,High,0.0522683709859848
514,8+,18-35,Hispanic,Female,Med,Very High,0.15552058815956116
515,8+,18-35,Hispanic,Female,High,Abs,0.023749278858304024
516,8+,18-35,Hispanic,Female,High,Low,0.1441153734922409
517,8+,18-35,Hispanic,Female,High,Med,0.012959436513483524
518,8+,18-35,Hispanic,Female,High,High,0.6706365942955017
519,8+,18-35,Hispanic,Female,High,Very High,0.14853927493095398
520,8+,18-35,Hispanic,Female,Very High,Abs,0.24436421692371368
521,8+,18-35,Hispanic,Female,Very High,Low,0.02652435190975666
522,8+,18-35,Hispanic,Female,Very High,Med,0.4122026860713959
523,8+,18-35,Hispanic,Female,Very High,High,0.030024060979485512
524,8+,18-35,Hispanic,Female,Very High,Very High,0.28688472509384155
525,0-3,18-35,Other,Female,Abs,Abs,0.8350391387939453
526,0-3,18-35,Other,Female,Abs,Low,0.1268293559551239
527,0-3,18-35,Other,Female,Abs,Med,0.03813156858086586
528,0-3,18-35,Other,Female,Abs,High,0.0
529,0-3,18-35,Other,Female,Abs,Very High,0.0
530,0-3,18-35,Other,Female,Low,Abs,0.1625135987997055
531,0-3,18-35,Other,Female,Low,Low,0.7820438742637634
532,0-3,18-35,Other,Female,Low,Med,9.951029824151192e-06
533,0-3,18-35,Other,Female,Low,High,0.02057003416121006
534,0-3,18-35,Other,Female,Low,Very High,0.03486255183815956
535,0-3,18-35,Other,Female,Med,Abs,0.0
536,0-3,18-35,Other,Female,Med,Low,0.5345566868782043
537,0-3,18-35,Other,Female,Med,Med,0.46544337272644043
538,0-3,18-35,Other,Female,Med,High,0.0
539,0-3,18-35,Other,Female,Med,Very High,0.0
540,0-3,18-35,Other,Female,High,Abs,0.0
541,0-3,18-35,Other,Female,High,Low,0.1835401952266693
542,0-3,18-35,Other,Female,High,Med,0.0
543,0-3,18-35,Other,Female,High,High,0.7048088908195496
544,0-3,18-35,Other,Female,High,Very High,0.11165091395378113
545,0-3,18-35,Other,Female,Very High,Abs,0.17209143936634064
546,0-3,18-35,Other,Female,Very High,Low,2.799231470694159e-17
547,0-3,18-35,Other,Female,Very High,Med,0.2798216938972473
548,0-3,18-35,Other,Female,Very High,High,0.01207029540091753
549,0-3,18-35,Other,Female,Very High,Very High,0.536016583442688
550,3-8,18-35,Other,Female,Abs,Abs,0.8711447715759277
551,3-8,18-35,Other,Female,Abs,Low,0.1089552715420723
552,3-8,18-35,Other,Female,Abs,Med,0.00989999994635582
553,3-8,18-35,Other,Female,Abs,High,0.0
554,3-8,18-35,Other,Female,Abs,Very High,0.009999999776482582
555,3-8,18-35,Other,Female,Low,Abs,0.13256347179412842
556,3-8,18-35,Other,Female,Low,Low,0.736061155796051
557,3-8,18-35,Other,Female,Low,Med,0.009999999776482582
558,3-8,18-35,Other,Female,Low,High,0.04635095223784447
559,3-8,18-35,Other,Female,Low,Very High,0.07502442598342896
560,3-8,18-35,Other,Female,Med,Abs,0.011120731942355633
561,3-8,18-35,Other,Female,Med,Low,0.44456228613853455
562,3-8,18-35,Other,Female,Med,Med,0.4536891281604767
563,3-8,18-35,Other,Female,Med,High,0.06068027392029762
564,3-8,18-35,Other,Female,Med,Very High,0.02994760312139988
565,3-8,18-35,Other,Female,High,Abs,0.0356464684009552
566,3-8,18-35,Other,Female,High,Low,0.14048174023628235
567,3-8,18-35,Other,Female,High,Med,0.02742818184196949
568,3-8,18-35,Other,Female,High,High,0.6433387398719788
569,3-8,18-35,Other,Female,High,Very High,0.15310484170913696
570,3-8,18-35,Other,Female,Very High,Abs,0.19426016509532928
571,3-8,18-35,Other,Female,Very High,Low,0.010164126753807068
572,3-8,18-35,Other,Female,Very High,Med,0.28558066487312317
573,3-8,18-35,Other,Female,Very High,High,0.019248496741056442
574,3-8,18-35,Other,Female,Very High,Very High,0.49074652791023254
575,8+,18-35,Other,Female,Abs,Abs,0.8793836236000061
576,8+,18-35,Other,Female,Abs,Low,0.12061642110347748
577,8+,18-35,Other,Female,Abs,Med,0.0
578,8+,18-35,Other,Female,Abs,High,0.0
579,8+,18-35,Other,Female,Abs,Very High,0.0
580,8+,18-35,Other,Female,Low,Abs,0.09438209235668182
581,8+,18-35,Other,Female,Low,Low,0.7660068273544312
582,8+,18-35,Other,Female,Low,Med,0.019995160400867462
583,8+,18-35,Other,Female,Low,High,0.07590961456298828
584,8+,18-35,Other,Female,Low,Very High,0.04370629042387009
585,8+,18-35,Other,Female,Med,Abs,0.01013918686658144
586,8+,18-35,Other,Female,Med,Low,0.38812199234962463
587,8+,18-35,Other,Female,Med,Med,0.3939511477947235
588,8+,18-35,Other,Female,Med,High,0.052267856895923615
589,8+,18-35,Other,Female,Med,Very High,0.15551982820034027
590,8+,18-35,Other,Female,High,Abs,0.023752793669700623
591,8+,18-35,Other,Female,High,Low,0.1446927934885025
592,8+,18-35,Other,Female,High,Med,0.012970681302249432
593,8+,18-35,Other,Female,High,High,0.6709582209587097
594,8+,18-35,Other,Female,High,Very High,0.14762553572654724
595,8+,18-35,Other,Female,Very High,Abs,0.2555355429649353
596,8+,18-35,Other,Female,Very High,Low,0.026571813970804214
597,8+,18-35,Other,Female,Very High,Med,0.3954918086528778
598,8+,18-35,Other,Female,Very High,High,0.03002963960170746
599,8+,18-35,Other,Female,Very High,Very High,0.2923712134361267
600,0-3,36-50,White,Male,Abs,Abs,0.9289654493331909
601,0-3,36-50,White,Male,Abs,Low,0.06591827422380447
602,0-3,36-50,White,Male,Abs,Med,0.0033093024976551533
603,0-3,36-50,White,Male,Abs,High,0.0
604,0-3,36-50,White,Male,Abs,Very High,0.0018069527577608824
605,0-3,36-50,White,Male,Low,Abs,0.07637655735015869
606,0-3,36-50,White,Male,Low,Low,0.8231772780418396
607,0-3,36-50,White,Male,Low,Med,0.04750901833176613
608,0-3,36-50,White,Male,Low,High,0.024419452995061874
609,0-3,36-50,White,Male,Low,Very High,0.02851768396794796
610,0-3,36-50,White,Male,Med,Abs,0.0
611,0-3,36-50,White,Male,Med,Low,0.16178545355796814
612,0-3,36-50,White,Male,Med,Med,0.5485889911651611
613,0-3,36-50,White,Male,Med,High,0.2896255552768707
614,0-3,36-50,White,Male,Med,Very High,0.0
615,0-3,36-50,White,Male,High,Abs,0.016408277675509453
616,0-3,36-50,White,Male,High,Low,0.15956421196460724
617,0-3,36-50,White,Male,High,Med,0.14586395025253296
618,0-3,36-50,White,Male,High,High,0.4186135232448578
619,0-3,36-50,White,Male,High,Very High,0.2595500349998474
620,0-3,36-50,White,Male,Very High,Abs,0.06279421597719193
621,0-3,36-50,White,Male,Very High,Low,0.03826044499874115
622,0-3,36-50,White,Male,Very High,Med,0.011582061648368835
623,0-3,36-50,White,Male,Very High,High,0.14553794264793396
624,0-3,36-50,White,Male,Very High,Very High,0.7418253421783447
625,3-8,36-50,White,Male,Abs,Abs,0.9342591762542725
626,3-8,36-50,White,Male,Abs,Low,0.0458407998085022
627,3-8,36-50,White,Male,Abs,Med,0.00989999994635582
628,3-8,36-50,White,Male,Abs,High,0.0
629,3-8,36-50,White,Male,Abs,Very High,0.009999999776482582
630,3-8,36-50,White,Male,Low,Abs,0.05572044476866722
631,3-8,36-50,White,Male,Low,Low,0.8110935091972351
632,3-8,36-50,White,Male,Low,Med,0.009999999776482582
633,3-8,36-50,White,Male,Low,High,0.05186853185296059
634,3-8,36-50,White,Male,Low,Very High,0.07131753116846085
635,3-8,36-50,White,Male,Med,Abs,0.011812359094619751
636,3-8,36-50,White,Male,Med,Low,0.12504039704799652
637,3-8,36-50,White,Male,Med,Med,0.5318202972412109
638,3-8,36-50,White,Male,Med,High,0.3010464012622833
639,3-8,36-50,White,Male,Med,Very High,0.030280523002147675
640,3-8,36-50,White,Male,High,Abs,0.039519451558589935
641,3-8,36-50,White,Male,High,Low,0.11495136469602585
642,3-8,36-50,White,Male,High,Med,0.1682722270488739
643,3-8,36-50,White,Male,High,High,0.37010812759399414
644,3-8,36-50,White,Male,High,Very High,0.307148814201355
645,3-8,36-50,White,Male,Very High,Abs,0.10826493054628372
646,3-8,36-50,White,Male,Very High,Low,0.010117688216269016
647,3-8,36-50,White,Male,Very High,Med,0.0742635726928711
648,3-8,36-50,White,Male,Very High,High,0.08753404021263123
649,3-8,36-50,White,Male,Very High,Very High,0.7198197841644287
650,8+,36-50,White,Male,Abs,Abs,0.9447245001792908
651,8+,36-50,White,Male,Abs,Low,0.05527552217245102
652,8+,36-50,White,Male,Abs,Med,0.0
653,8+,36-50,White,Male,Abs,High,0.0
654,8+,36-50,White,Male,Abs,Very High,0.0
655,8+,36-50,White,Male,Low,Abs,0.03126442804932594
656,8+,36-50,White,Male,Low,Low,0.8367249965667725
657,8+,36-50,White,Male,Low,Med,0.019994141533970833
658,8+,36-50,White,Male,Low,High,0.07445423305034637
659,8+,36-50,White,Male,Low,Very High,0.037562210112810135
660,8+,36-50,White,Male,Med,Abs,0.010146033950150013
661,8+,36-50,White,Male,Med,Low,0.15249519050121307
662,8+,36-50,White,Male,Med,Med,0.4673534035682678
663,8+,36-50,White,Male,Med,High,0.21344241499900818
664,8+,36-50,White,Male,Med,Very High,0.156562939286232
665,8+,36-50,White,Male,High,Abs,0.02209097146987915
666,8+,36-50,White,Male,High,Low,0.11222780495882034
667,8+,36-50,White,Male,High,Med,0.16716836392879486
668,8+,36-50,White,Male,High,High,0.38462597131729126
669,8+,36-50,White,Male,High,Very High,0.3138868808746338
670,8+,36-50,White,Male,Very High,Abs,0.19650964438915253
671,8+,36-50,White,Male,Very High,Low,0.0267067588865757
672,8+,36-50,White,Male,Very High,Med,0.1795184463262558
673,8+,36-50,White,Male,Very High,High,0.09814316034317017
674,8+,36-50,White,Male,Very High,Very High,0.4991220235824585
675,0-3,36-50,Black,Male,Abs,Abs,0.9619700908660889
676,0-3,36-50,Black,Male,Abs,Low,0.022510841488838196
677,0-3,36-50,Black,Male,Abs,Med,0.012838191352784634
678,0-3,36-50,Black,Male,Abs,High,9.999999747378752e-06
679,0-3,36-50,Black,Male,Abs,Very High,0.002670867368578911
680,0-3,36-50,Black,Male,Low,Abs,0.08752116560935974
681,0-3,36-50,Black,Male,Low,Low,0.8105595111846924
682,0-3,36-50,Black,Male,Low,Med,0.03249704837799072
683,0-3,36-50,Black,Male,Low,High,0.03823917731642723
684,0-3,36-50,Black,Male,Low,Very High,0.031183039769530296
685,0-3,36-50,Black,Male,Med,Abs,9.839378435572144e-06
686,0-3,36-50,Black,Male,Med,Low,0.7549670934677124
687,0-3,36-50,Black,Male,Med,Med,0.24501316249370575
688,0-3,36-50,Black,Male,Med,High,9.840795428317506e-06
689,0-3,36-50,Black,Male,Med,Very High,0.0
690,0-3,36-50,Black,Male,High,Abs,2.2118771529359783e-17
691,0-3,36-50,Black,Male,High,Low,0.12321588397026062
692,0-3,36-50,Black,Male,High,Med,0.033171869814395905
693,0-3,36-50,Black,Male,High,High,0.6830247044563293
694,0-3,36-50,Black,Male,High,Very High,0.16058751940727234
695,0-3,36-50,Black,Male,Very High,Abs,0.07211947441101074
696,0-3,36-50,Black,Male,Very High,Low,0.04243910312652588
697,0-3,36-50,Black,Male,Very High,Med,0.052666909992694855
698,0-3,36-50,Black,Male,Very High,High,0.06936608254909515
699,0-3,36-50,Black,Male,Very High,Very High,0.7634084224700928
700,3-8,36-50,Black,Male,Abs,Abs,0.9628831744194031
701,3-8,36-50,Black,Male,Abs,Low,0.01721685379743576
702,3-8,36-50,Black,Male,Abs,Med,0.00989999994635582
703,3-8,36-50,Black,Male,Abs,High,0.0
704,3-8,36-50,Black,Male,Abs,Very High,0.009999999776482582
705,3-8,36-50,Black,Male,Low,Abs,0.06527409702539444
706,3-8,36-50,Black,Male,Low,Low,0.7864587903022766
707,3-8,36-50,Black,Male,Low,Med,0.009999999776482582
708,3-8,36-50,Black,Male,Low,High,0.0651676282286644
709,3-8,36-50,Black,Male,Low,Very High,0.07309945672750473
710,3-8,36-50,Black,Male,Med,Abs,0.00989011861383915
711,3-8,36-50,Black,Male,Med,Low,0.6453049182891846
712,3-8,36-50,Black,Male,Med,Med,0.25637009739875793
713,3-8,36-50,Black,Male,Med,High,0.059554573148489
714,3-8,36-50,Black,Male,Med,Very High,0.028880277648568153
715,3-8,36-50,Black,Male,High,Abs,0.03516191616654396
716,3-8,36-50,Black,Male,High,Low,0.07955455034971237
717,3-8,36-50,Black,Male,High,Med,0.051608722656965256
718,3-8,36-50,Black,Male,High,High,0.6265298128128052
719,3-8,36-50,Black,Male,High,Very High,0.20714496076107025
720,3-8,36-50,Black,Male,Very High,Abs,0.1131480485200882
721,3-8,36-50,Black,Male,Very High,Low,0.010126044042408466
722,3-8,36-50,Black,Male,Very High,Med,0.10172605514526367
723,3-8,36-50,Black,Male,Very High,High,0.03661085665225983
724,3-8,36-50,Black,Male,Very High,Very High,0.7383890151977539
725,8+,36-50,Black,Male,Abs,Abs,0.9758202433586121
726,8+,36-50,Black,Male,Abs,Low,0.024179751053452492
727,8+,36-50,Black,Male,Abs,Med,0.0
728,8+,36-50,Black,Male,Abs,High,0.0
729,8+,36-50,Black,Male,Abs,Very High,0.0
730,8+,36-50,Black,Male,Low,Abs,0.03977757692337036
731,8+,36-50,Black,Male,Low,Low,0.813107430934906
732,8+,36-50,Black,Male,Low,Med,0.01999182254076004
733,8+,36-50,Black,Male,Low,High,0.08695554733276367
734,8+,36-50,Black,Male,Low,Very High,0.040167588740587234
735,8+,36-50,Black,Male,Med,Abs,0.010197787545621395
736,8+,36-50,Black,Male,Med,Low,0.5497636795043945
737,8+,36-50,Black,Male,Med,Med,0.23717370629310608
738,8+,36-50,Black,Male,Med,High,0.05034811794757843
739,8+,36-50,Black,Male,Med,Very High,0.1525166928768158
740,8+,36-50,Black,Male,High,Abs,0.023606635630130768
741,8+,36-50,Black,Male,High,Low,0.07453136146068573
742,8+,36-50,Black,Male,High,Med,0.040196605026721954
743,8+,36-50,Black,Male,High,High,0.6536769270896912
744,8+,36-50,Black,Male,High,Very High,0.2079884260892868
745,8+,36-50,Black,Male,Very High,Abs,0.20454978942871094
746,8+,36-50,Black,Male,Very High,Low,0.02659110724925995
747,8+,36-50,Black,Male,Very High,Med,0.21604971587657928
748,8+,36-50,Black,Male,Very High,High,0.041181158274412155
749,8+,36-50,Black,Male,Very High,Very High,0.5116282105445862
750,0-3,36-50,Hispanic,Male,Abs,Abs,0.9560245871543884
751,0-3,36-50,Hispanic,Male,Abs,Low,0.029353778809309006
752,0-3,36-50,Hispanic,Male,Abs,Med,0.012269902974367142
753,0-3,36-50,Hispanic,Male,Abs,High,0.0
754,0-3,36-50,Hispanic,Male,Abs,Very High,0.0023517259396612644
755,0-3,36-50,Hispanic,Male,Low,Abs,0.08820874989032745
756,0-3,36-50,Hispanic,Male,Low,Low,0.8100137710571289
757,0-3,36-50,Hispanic,Male,Low,Med,0.032044027000665665
758,0-3,36-50,Hispanic,Male,Low,High,0.037858448922634125
759,0-3,36-50,Hispanic,Male,Low,Very High,0.03187502175569534
760,0-3,36-50,Hispanic,Male,Med,Abs,1.3861282241123263e-05
761,0-3,36-50,Hispanic,Male,Med,Low,0.7525144219398499
762,0-3,36-50,Hispanic,Male,Med,Med,0.24746182560920715
763,0-3,36-50,Hispanic,Male,Med,High,9.919835065375082e-06
764,0-3,36-50,Hispanic,Male,Med,Very High,0.0
765,0-3,36-50,Hispanic,Male,High,Abs,0.0
766,0-3,36-50,Hispanic,Male,High,Low,0.1224532425403595
767,0-3,36-50,Hispanic,Male,High,Med,0.03405490890145302
768,0-3,36-50,Hispanic,Male,High,High,0.6829949617385864
769,0-3,36-50,Hispanic,Male,High,Very High,0.16049692034721375
770,0-3,36-50,Hispanic,Male,Very High,Abs,0.07159359753131866
771,0-3,36-50,Hispanic,Male,Very High,Low,0.04278583824634552
772,0-3,36-50,Hispanic,Male,Very High,Med,0.05273638293147087
773,0-3,36-50,Hispanic,Male,Very High,High,0.06941042840480804
774,0-3,36-50,Hispanic,Male,Very High,Very High,0.7634737491607666
775,3-8,36-50,Hispanic,Male,Abs,Abs,0.9629509449005127
776,3-8,36-50,Hispanic,Male,Abs,Low,0.01714908517897129
777,3-8,36-50,Hispanic,Male,Abs,Med,0.00989999994635582
778,3-8,36-50,Hispanic,Male,Abs,High,0.0
779,3-8,36-50,Hispanic,Male,Abs,Very High,0.009999999776482582
780,3-8,36-50,Hispanic,Male,Low,Abs,0.06589068472385406
781,3-8,36-50,Hispanic,Male,Low,Low,0.7855778336524963
782,3-8,36-50,Hispanic,Male,Low,Med,0.009999999776482582
783,3-8,36-50,Hispanic,Male,Low,High,0.0647604838013649
784,3-8,36-50,Hispanic,Male,Low,Very High,0.07377100735902786
785,3-8,36-50,Hispanic,Male,Med,Abs,0.009903466328978539
786,3-8,36-50,Hispanic,Male,Med,Low,0.6430696845054626
787,3-8,36-50,Hispanic,Male,Med,Med,0.25856471061706543
788,3-8,36-50,Hispanic,Male,Med,High,0.059568218886852264
789,3-8,36-50,Hispanic,Male,Med,Very High,0.02889394573867321
790,3-8,36-50,Hispanic,Male,High,Abs,0.03516031801700592
791,3-8,36-50,Hispanic,Male,High,Low,0.07876493781805038
792,3-8,36-50,Hispanic,Male,High,Med,0.05256744101643562
793,3-8,36-50,Hispanic,Male,High,High,0.6264745593070984
794,3-8,36-50,Hispanic,Male,High,Very High,0.20703275501728058
795,3-8,36-50,Hispanic,Male,Very High,Abs,0.11281383782625198
796,3-8,36-50,Hispanic,Male,Very High,Low,0.01012613158673048
797,3-8,36-50,Hispanic,Male,Very High,Med,0.10179588943719864
798,3-8,36-50,Hispanic,Male,Very High,High,0.03664534538984299
799,3-8,36-50,Hispanic,Male,Very High,Very High,0.738618791103363
800,8+,36-50,Hispanic,Male,Abs,Abs,0.9758986234664917
801,8+,36-50,Hispanic,Male,Abs,Low,0.02410137467086315
802,8+,36-50,Hispanic,Male,Abs,Med,0.0
803,8+,36-50,Hispanic,Male,Abs,High,0.0
804,8+,36-50,Hispanic,Male,Abs,Very High,0.0
805,8+,36-50,Hispanic,Male,Low,Abs,0.04028305411338806
806,8+,36-50,Hispanic,Male,Low,Low,0.8122978806495667
807,8+,36-50,Hispanic,Male,Low,Med,0.019991986453533173
808,8+,36-50,Hispanic,Male,Low,High,0.08674009889364243
809,8+,36-50,Hispanic,Male,Low,Very High,0.04068700224161148
810,8+,36-50,Hispanic,Male,Med,Abs,0.010197276249527931
811,8+,36-50,Hispanic,Male,Med,Low,0.5479638576507568
812,8+,36-50,Hispanic,Male,Med,Med,0.23888376355171204
813,8+,36-50,Hispanic,Male,Med,High,0.05038304254412651
814,8+,36-50,Hispanic,Male,Med,Very High,0.15257209539413452
815,8+,36-50,Hispanic,Male,High,Abs,0.023600786924362183
816,8+,36-50,Hispanic,Male,High,Low,0.07450227439403534
817,8+,36-50,Hispanic,Male,High,Med,0.04120136797428131
818,8+,36-50,Hispanic,Male,High,High,0.6530881524085999
819,8+,36-50,Hispanic,Male,High,Very High,0.2076074331998825
820,8+,36-50,Hispanic,Male,Very High,Abs,0.20418024063110352
821,8+,36-50,Hispanic,Male,Very High,Low,0.026590263471007347
822,8+,36-50,Hispanic,Male,Very High,Med,0.2161739468574524
823,8+,36-50,Hispanic,Male,Very High,High,0.04122978448867798
824,8+,36-50,Hispanic,Male,Very High,Very High,0.5118257403373718
825,0-3,36-50,Other,Male,Abs,Abs,0.901481568813324
826,0-3,36-50,Other,Male,Abs,Low,0.08734535425901413
827,0-3,36-50,Other,Male,Abs,Med,0.011173049919307232
828,0-3,36-50,Other,Male,Abs,High,0.0
829,0-3,36-50,Other,Male,Abs,Very High,0.0
830,0-3,36-50,Other,Male,Low,Abs,0.09291516244411469
831,0-3,36-50,Other,Male,Low,Low,0.805579423904419
832,0-3,36-50,Other,Male,Low,Med,0.031202834099531174
833,0-3,36-50,Other,Male,Low,High,0.03816831484436989
834,0-3,36-50,Other,Male,Low,Very High,0.0321342833340168
835,0-3,36-50,Other,Male,Med,Abs,9.921358469000552e-06
836,0-3,36-50,Other,Male,Med,Low,0.7476809024810791
837,0-3,36-50,Other,Male,Med,Med,0.2522992193698883
838,0-3,36-50,Other,Male,Med,High,9.928047802532092e-06
839,0-3,36-50,Other,Male,Med,Very High,0.0
840,0-3,36-50,Other,Male,High,Abs,0.0
841,0-3,36-50,Other,Male,High,Low,0.1205875501036644
842,0-3,36-50,Other,Male,High,Med,0.0367426723241806
843,0-3,36-50,Other,Male,High,High,0.6830161809921265
844,0-3,36-50,Other,Male,High,Very High,0.15965363383293152
845,0-3,36-50,Other,Male,Very High,Abs,0.07698217779397964
846,0-3,36-50,Other,Male,Very High,Low,0.03905799239873886
847,0-3,36-50,Other,Male,Very High,Med,0.050208818167448044
848,0-3,36-50,Other,Male,Very High,High,0.0698380097746849
849,0-3,36-50,Other,Male,Very High,Very High,0.7639129757881165
850,3-8,36-50,Other,Male,Abs,Abs,0.9130294322967529
851,3-8,36-50,Other,Male,Abs,Low,0.06707055121660233
852,3-8,36-50,Other,Male,Abs,Med,0.00989999994635582
853,3-8,36-50,Other,Male,Abs,High,0.0
854,3-8,36-50,Other,Male,Abs,Very High,0.009999999776482582
855,3-8,36-50,Other,Male,Low,Abs,0.07026555389165878
856,3-8,36-50,Other,Male,Low,Low,0.7806954383850098
857,3-8,36-50,Other,Male,Low,Med,0.009999999776482582
858,3-8,36-50,Other,Male,Low,High,0.0650608092546463
859,3-8,36-50,Other,Male,Low,Very High,0.0739782303571701
860,3-8,36-50,Other,Male,Med,Abs,0.009929726831614971
861,3-8,36-50,Other,Male,Med,Low,0.6386570334434509
862,3-8,36-50,Other,Male,Med,Med,0.262897789478302
863,3-8,36-50,Other,Male,Med,High,0.059594739228487015
864,3-8,36-50,Other,Male,Med,Very High,0.028920691460371017
865,3-8,36-50,Other,Male,High,Abs,0.03515959158539772
866,3-8,36-50,Other,Male,High,Low,0.07683578878641129
867,3-8,36-50,Other,Male,High,Med,0.05549009144306183
868,3-8,36-50,Other,Male,High,High,0.6264367699623108
869,3-8,36-50,Other,Male,High,Very High,0.20607781410217285
870,3-8,36-50,Other,Male,Very High,Abs,0.11612028628587723
871,3-8,36-50,Other,Male,Very High,Low,0.010124998167157173
872,3-8,36-50,Other,Male,Very High,Med,0.09974723309278488
873,3-8,36-50,Other,Male,Very High,High,0.03674248978495598
874,3-8,36-50,Other,Male,Very High,Very High,0.7372649908065796
875,8+,36-50,Other,Male,Abs,Abs,0.9225713014602661
876,8+,36-50,Other,Male,Abs,Low,0.0774286687374115
877,8+,36-50,Other,Male,Abs,Med,0.0
878,8+,36-50,Other,Male,Abs,High,0.0
879,8+,36-50,Other,Male,Abs,Very High,0.0
880,8+,36-50,Other,Male,Low,Abs,0.043787743896245956
881,8+,36-50,Other,Male,Low,Low,0.8076757788658142
882,8+,36-50,Other,Male,Low,Med,0.019991902634501457
883,8+,36-50,Other,Male,Low,High,0.0874653086066246
884,8+,36-50,Other,Male,Low,Very High,0.04107925668358803
885,8+,36-50,Other,Male,Med,Abs,0.010196259245276451
886,8+,36-50,Other,Male,Med,Low,0.5444102883338928
887,8+,36-50,Other,Male,Med,Med,0.24226312339305878
888,8+,36-50,Other,Male,Med,High,0.05045068636536598
889,8+,36-50,Other,Male,Med,Very High,0.15267962217330933
890,8+,36-50,Other,Male,High,Abs,0.02358800545334816
891,8+,36-50,Other,Male,High,Low,0.07443702220916748
892,8+,36-50,Other,Male,High,Med,0.044300105422735214
893,8+,36-50,Other,Male,High,High,0.6517542600631714
894,8+,36-50,Other,Male,High,Very High,0.20592062175273895
895,8+,36-50,Other,Male,Very High,Abs,0.20804007351398468
896,8+,36-50,Other,Male,Very High,Low,0.02659873105585575
897,8+,36-50,Other,Male,Very High,Med,0.21333689987659454
898,8+,36-50,Other,Male,Very High,High,0.04128791391849518
899,8+,36-50,Other,Male,Very High,Very High,0.510736346244812
900,0-3,36-50,White,Female,Abs,Abs,0.9467990398406982
901,0-3,36-50,White,Female,Abs,Low,0.04918511584401131
902,0-3,36-50,White,Female,Abs,Med,9.9899698398076e-06
903,0-3,36-50,White,Female,Abs,High,0.00400588009506464
904,0-3,36-50,White,Female,Abs,Very High,0.0
905,0-3,36-50,White,Female,Low,Abs,0.1414482146501541
906,0-3,36-50,White,Female,Low,Low,0.6890186667442322
907,0-3,36-50,White,Female,Low,Med,0.0398143045604229
908,0-3,36-50,White,Female,Low,High,0.03423801809549332
909,0-3,36-50,White,Female,Low,Very High,0.095480777323246
910,0-3,36-50,White,Female,Med,Abs,0.0
911,0-3,36-50,White,Female,Med,Low,0.3104894757270813
912,0-3,36-50,White,Female,Med,Med,0.6572085022926331
913,0-3,36-50,White,Female,Med,High,0.032302021980285645
914,0-3,36-50,White,Female,Med,Very High,0.0
915,0-3,36-50,White,Female,High,Abs,0.0
916,0-3,36-50,White,Female,High,Low,9.99215535557596e-06
917,0-3,36-50,White,Female,High,Med,0.38592755794525146
918,0-3,36-50,White,Female,High,High,0.45953550934791565
919,0-3,36-50,White,Female,High,Very High,0.15452691912651062
920,0-3,36-50,White,Female,Very High,Abs,0.2021803855895996
921,0-3,36-50,White,Female,Very High,Low,0.016990486532449722
922,0-3,36-50,White,Female,Very High,Med,9.892315574688837e-06
923,0-3,36-50,White,Female,Very High,High,0.21477754414081573
924,0-3,36-50,White,Female,Very High,Very High,0.5660417079925537
925,3-8,36-50,White,Female,Abs,Abs,0.9497487545013428
926,3-8,36-50,White,Female,Abs,Low,0.030351292341947556
927,3-8,36-50,White,Female,Abs,Med,0.00989999994635582
928,3-8,36-50,White,Female,Abs,High,0.0
929,3-8,36-50,White,Female,Abs,Very High,0.009999999776482582
930,3-8,36-50,White,Female,Low,Abs,0.1164843961596489
931,3-8,36-50,White,Female,Low,Low,0.6720575094223022
932,3-8,36-50,White,Female,Low,Med,0.009999999776482582
933,3-8,36-50,White,Female,Low,High,0.06213778257369995
934,3-8,36-50,White,Female,Low,Very High,0.1393202841281891
935,3-8,36-50,White,Female,Med,Abs,0.01308507565408945
936,3-8,36-50,White,Female,Med,Low,0.24933616816997528
937,3-8,36-50,White,Female,Med,Med,0.6431650519371033
938,3-8,36-50,White,Female,Med,High,0.06326497346162796
939,3-8,36-50,White,Female,Med,Very High,0.03114873729646206
940,3-8,36-50,White,Female,High,Abs,0.031897611916065216
941,3-8,36-50,White,Female,High,Low,4.8424630222143605e-05
942,3-8,36-50,White,Female,High,Med,0.4007454812526703
943,3-8,36-50,White,Female,High,High,0.38356778025627136
944,3-8,36-50,White,Female,High,Very High,0.18374072015285492
945,3-8,36-50,White,Female,Very High,Abs,0.22531017661094666
946,3-8,36-50,White,Female,Very High,Low,0.010092291980981827
947,3-8,36-50,White,Female,Very High,Med,0.06594116240739822
948,3-8,36-50,White,Female,Very High,High,0.15136867761611938
949,3-8,36-50,White,Female,Very High,Very High,0.54728764295578
950,8+,36-50,White,Female,Abs,Abs,0.9612171649932861
951,8+,36-50,White,Female,Abs,Low,0.038782864809036255
952,8+,36-50,White,Female,Abs,Med,0.0
953,8+,36-50,White,Female,Abs,High,0.0
954,8+,36-50,White,Female,Abs,Very High,0.0
955,8+,36-50,White,Female,Low,Abs,0.0866723358631134
956,8+,36-50,White,Female,Low,Low,0.7045429348945618
957,8+,36-50,White,Female,Low,Med,0.02000391110777855
958,8+,36-50,White,Female,Low,High,0.0918710008263588
959,8+,36-50,White,Female,Low,Very High,0.09690982848405838
960,8+,36-50,White,Female,Med,Abs,0.010045922361314297
961,8+,36-50,White,Female,Med,Low,0.23316402733325958
962,8+,36-50,White,Female,Med,Med,0.5482423305511475
963,8+,36-50,White,Female,Med,High,0.053065620362758636
964,8+,36-50,White,Female,Med,Very High,0.15548214316368103
965,8+,36-50,White,Female,High,Abs,0.02229677326977253
966,8+,36-50,White,Female,High,Low,0.06801771372556686
967,8+,36-50,White,Female,High,Med,0.38266846537590027
968,8+,36-50,White,Female,High,High,0.36419713497161865
969,8+,36-50,White,Female,High,Very High,0.16281992197036743
970,8+,36-50,White,Female,Very High,Abs,0.3076111674308777
971,8+,36-50,White,Female,Very High,Low,0.027081359177827835
972,8+,36-50,White,Female,Very High,Med,0.15989950299263
973,8+,36-50,White,Female,Very High,High,0.1523614525794983
974,8+,36-50,White,Female,Very High,Very High,0.3530465066432953
975,0-3,36-50,Black,Female,Abs,Abs,0.9715189933776855
976,0-3,36-50,Black,Female,Abs,Low,9.996901098929811e-06
977,0-3,36-50,Black,Female,Abs,Med,0.027025539427995682
978,0-3,36-50,Black,Female,Abs,High,9.989732461690437e-06
979,0-3,36-50,Black,Female,Abs,Very High,0.001435484504327178
980,0-3,36-50,Black,Female,Low,Abs,0.15115895867347717
981,0-3,36-50,Black,Female,Low,Low,0.7493612766265869
982,0-3,36-50,Black,Female,Low,Med,1.0002386261476204e-05
983,0-3,36-50,Black,Female,Low,High,0.016430703923106194
984,0-3,36-50,Black,Female,Low,Very High,0.08303908258676529
985,0-3,36-50,Black,Female,Med,Abs,0.0
986,0-3,36-50,Black,Female,Med,Low,0.5964323878288269
987,0-3,36-50,Black,Female,Med,Med,0.4035676121711731
988,0-3,36-50,Black,Female,Med,High,0.0
989,0-3,36-50,Black,Female,Med,Very High,0.0
990,0-3,36-50,Black,Female,High,Abs,0.0
991,0-3,36-50,Black,Female,High,Low,0.04786071926355362
992,0-3,36-50,Black,Female,High,Med,0.06191560626029968
993,0-3,36-50,Black,Female,High,High,0.8375857472419739
994,0-3,36-50,Black,Female,High,Very High,0.052637942135334015
995,0-3,36-50,Black,Female,Very High,Abs,0.21848736703395844
996,0-3,36-50,Black,Female,Very High,Low,0.0
997,0-3,36-50,Black,Female,Very High,Med,0.12654957175254822
998,0-3,36-50,Black,Female,Very High,High,0.07375749200582504
999,0-3,36-50,Black,Female,Very High,Very High,0.5812056064605713
1000,3-8,36-50,Black,Female,Abs,Abs,0.9631701111793518
1001,3-8,36-50,Black,Female,Abs,Low,0.01692989654839039
1002,3-8,36-50,Black,Female,Abs,Med,0.00989999994635582
1003,3-8,36-50,Black,Female,Abs,High,0.0
1004,3-8,36-50,Black,Female,Abs,Very High,0.009999999776482582
1005,3-8,36-50,Black,Female,Low,Abs,0.1215122640132904
1006,3-8,36-50,Black,Female,Low,Low,0.7036806344985962
1007,3-8,36-50,Black,Female,Low,Med,0.009999999776482582
1008,3-8,36-50,Black,Female,Low,High,0.042320411652326584
1009,3-8,36-50,Black,Female,Low,Very High,0.12248668074607849
1010,3-8,36-50,Black,Female,Med,Abs,0.010747123509645462
1011,3-8,36-50,Black,Female,Med,Low,0.5008899569511414
1012,3-8,36-50,Black,Female,Med,Med,0.398337185382843
1013,3-8,36-50,Black,Female,Med,High,0.060365159064531326
1014,3-8,36-50,Black,Female,Med,Very High,0.029660575091838837
1015,3-8,36-50,Black,Female,High,Abs,0.03913888707756996
1016,3-8,36-50,Black,Female,High,Low,8.570813747610373e-07
1017,3-8,36-50,Black,Female,High,Med,0.08881247788667679
1018,3-8,36-50,Black,Female,High,High,0.7772145867347717
1019,3-8,36-50,Black,Female,High,Very High,0.09483323246240616
1020,3-8,36-50,Black,Female,Very High,Abs,0.2333638221025467
1021,3-8,36-50,Black,Female,Very High,Low,0.010117283090949059
1022,3-8,36-50,Black,Female,Very High,Med,0.16500331461429596
1023,3-8,36-50,Black,Female,Very High,High,0.04554866626858711
1024,3-8,36-50,Black,Female,Very High,Very High,0.5459669232368469
1025,8+,36-50,Black,Female,Abs,Abs,0.9761524200439453
1026,8+,36-50,Black,Female,Abs,Low,0.02384755201637745
1027,8+,36-50,Black,Female,Abs,Med,0.0
1028,8+,36-50,Black,Female,Abs,High,0.0
1029,8+,36-50,Black,Female,Abs,Very High,0.0
1030,8+,36-50,Black,Female,Low,Abs,0.08867732435464859
1031,8+,36-50,Black,Female,Low,Low,0.7355433702468872
1032,8+,36-50,Black,Female,Low,Med,0.020004402846097946
1033,8+,36-50,Black,Female,Low,High,0.07392309606075287
1034,8+,36-50,Black,Female,Low,Very High,0.08185179531574249
1035,8+,36-50,Black,Female,Med,Abs,0.010158555582165718
1036,8+,36-50,Black,Female,Med,Low,0.43340522050857544
1037,8+,36-50,Black,Female,Med,Med,0.3494735658168793
1038,8+,36-50,Black,Female,Med,High,0.05193967744708061
1039,8+,36-50,Black,Female,Med,Very High,0.1550229787826538
1040,8+,36-50,Black,Female,High,Abs,0.025078043341636658
1041,8+,36-50,Black,Female,High,Low,0.0817892849445343
1042,8+,36-50,Black,Female,High,Med,0.07303103804588318
1043,8+,36-50,Black,Female,High,High,0.749936044216156
1044,8+,36-50,Black,Female,High,Very High,0.07016563415527344
1045,8+,36-50,Black,Female,Very High,Abs,0.31154683232307434
1046,8+,36-50,Black,Female,Very High,Low,0.026869043707847595
1047,8+,36-50,Black,Female,Very High,Med,0.2700957655906677
1048,8+,36-50,Black,Female,Very High,High,0.045350201427936554
1049,8+,36-50,Black,Female,Very High,Very High,0.3461381793022156
1050,0-3,36-50,Hispanic,Female,Abs,Abs,0.9681675434112549
1051,0-3,36-50,Hispanic,Female,Abs,Low,9.996354492614046e-06
1052,0-3,36-50,Hispanic,Female,Abs,Med,0.031075049191713333
1053,0-3,36-50,Hispanic,Female,Abs,High,9.999999747378752e-06
1054,0-3,36-50,Hispanic,Female,Abs,Very High,0.0007373699336312711
1055,0-3,36-50,Hispanic,Female,Low,Abs,0.15145598351955414
1056,0-3,36-50,Hispanic,Female,Low,Low,0.7491591572761536
1057,0-3,36-50,Hispanic,Female,Low,Med,9.95094160316512e-06
1058,0-3,36-50,Hispanic,Female,Low,High,0.016386713832616806
1059,0-3,36-50,Hispanic,Female,Low,Very High,0.08298822492361069
1060,0-3,36-50,Hispanic,Female,Med,Abs,0.0
1061,0-3,36-50,Hispanic,Female,Med,Low,0.5979571342468262
1062,0-3,36-50,Hispanic,Female,Med,Med,0.40204283595085144
1063,0-3,36-50,Hispanic,Female,Med,High,0.0
1064,0-3,36-50,Hispanic,Female,Med,Very High,0.0
1065,0-3,36-50,Hispanic,Female,High,Abs,0.0
1066,0-3,36-50,Hispanic,Female,High,Low,0.04816857725381851
1067,0-3,36-50,Hispanic,Female,High,Med,0.06186160072684288
1068,0-3,36-50,Hispanic,Female,High,High,0.8375275731086731
1069,0-3,36-50,Hispanic,Female,High,Very High,0.0524422824382782
1070,0-3,36-50,Hispanic,Female,Very High,Abs,0.21991637349128723
1071,0-3,36-50,Hispanic,Female,Very High,Low,0.0
1072,0-3,36-50,Hispanic,Female,Very High,Med,0.12420408427715302
1073,0-3,36-50,Hispanic,Female,Very High,High,0.07487189769744873
1074,0-3,36-50,Hispanic,Female,Very High,Very High,0.5810076594352722
1075,3-8,36-50,Hispanic,Female,Abs,Abs,0.9633476138114929
1076,3-8,36-50,Hispanic,Female,Abs,Low,0.016752390190958977
1077,3-8,36-50,Hispanic,Female,Abs,Med,0.00989999994635582
1078,3-8,36-50,Hispanic,Female,Abs,High,0.0
1079,3-8,36-50,Hispanic,Female,Abs,Very High,0.009999999776482582
1080,3-8,36-50,Hispanic,Female,Low,Abs,0.12178457528352737
1081,3-8,36-50,Hispanic,Female,Low,Low,0.7034998536109924
1082,3-8,36-50,Hispanic,Female,Low,Med,0.009999999776482582
1083,3-8,36-50,Hispanic,Female,Low,High,0.042278919368982315
1084,3-8,36-50,Hispanic,Female,Low,Very High,0.12243664264678955
1085,3-8,36-50,Hispanic,Female,Med,Abs,0.010738414712250233
1086,3-8,36-50,Hispanic,Female,Med,Low,0.5022777915000916
1087,3-8,36-50,Hispanic,Female,Med,Med,0.3969726860523224
1088,3-8,36-50,Hispanic,Female,Med,High,0.060357555747032166
1089,3-8,36-50,Hispanic,Female,Med,Very High,0.029653554782271385
1090,3-8,36-50,Hispanic,Female,High,Abs,0.03915827348828316
1091,3-8,36-50,Hispanic,Female,High,Low,8.77861964454496e-07
1092,3-8,36-50,Hispanic,Female,High,Med,0.08879917860031128
1093,3-8,36-50,Hispanic,Female,High,High,0.7773899435997009
1094,3-8,36-50,Hispanic,Female,High,Very High,0.09465175122022629
1095,3-8,36-50,Hispanic,Female,Very High,Abs,0.23452946543693542
1096,3-8,36-50,Hispanic,Female,Very High,Low,0.010116541758179665
1097,3-8,36-50,Hispanic,Female,Very High,Med,0.16314779222011566
1098,3-8,36-50,Hispanic,Female,Very High,High,0.04635785520076752
1099,3-8,36-50,Hispanic,Female,Very High,Very High,0.5458483695983887
1100,8+,36-50,Hispanic,Female,Abs,Abs,0.9763583540916443
1101,8+,36-50,Hispanic,Female,Abs,Low,0.023641636595129967
1102,8+,36-50,Hispanic,Female,Abs,Med,0.0
1103,8+,36-50,Hispanic,Female,Abs,High,0.0
1104,8+,36-50,Hispanic,Female,Abs,Very High,0.0
1105,8+,36-50,Hispanic,Female,Low,Abs,0.08890632539987564
1106,8+,36-50,Hispanic,Female,Low,Low,0.7353710532188416
1107,8+,36-50,Hispanic,Female,Low,Med,0.020004402846097946
1108,8+,36-50,Hispanic,Female,Low,High,0.07389482855796814
1109,8+,36-50,Hispanic,Female,Low,Very High,0.08182337135076523
1110,8+,36-50,Hispanic,Female,Med,Abs,0.01015899982303381
1111,8+,36-50,Hispanic,Female,Med,Low,0.4345223605632782
1112,8+,36-50,Hispanic,Female,Med,Med,0.3483811318874359
1113,8+,36-50,Hispanic,Female,Med,High,0.0519297756254673
1114,8+,36-50,Hispanic,Female,Med,Very High,0.1550077348947525
1115,8+,36-50,Hispanic,Female,High,Abs,0.025081876665353775
1116,8+,36-50,Hispanic,Female,High,Low,0.08181046694517136
1117,8+,36-50,Hispanic,Female,High,Med,0.07302109152078629
1118,8+,36-50,Hispanic,Female,High,High,0.7501145601272583
1119,8+,36-50,Hispanic,Female,High,Very High,0.06997205317020416
1120,8+,36-50,Hispanic,Female,Very High,Abs,0.31288203597068787
1121,8+,36-50,Hispanic,Female,Very High,Low,0.026873568072915077
1122,8+,36-50,Hispanic,Female,Very High,Med,0.2679905295372009
1123,8+,36-50,Hispanic,Female,Very High,High,0.046152953058481216
1124,8+,36-50,Hispanic,Female,Very High,Very High,0.34610092639923096
1125,0-3,36-50,Other,Female,Abs,Abs,0.9296464323997498
1126,0-3,36-50,Other,Female,Abs,Low,0.031061584129929543
1127,0-3,36-50,Other,Female,Abs,Med,0.039291977882385254
1128,0-3,36-50,Other,Female,Abs,High,0.0
1129,0-3,36-50,Other,Female,Abs,Very High,0.0
1130,0-3,36-50,Other,Female,Low,Abs,0.15589135885238647
1131,0-3,36-50,Other,Female,Low,Low,0.7447938919067383
1132,0-3,36-50,Other,Female,Low,Med,9.923785000864882e-06
1133,0-3,36-50,Other,Female,Low,High,0.016274847090244293
1134,0-3,36-50,Other,Female,Low,Very High,0.08303000777959824
1135,0-3,36-50,Other,Female,Med,Abs,0.0
1136,0-3,36-50,Other,Female,Med,Low,0.6004385352134705
1137,0-3,36-50,Other,Female,Med,Med,0.3995615243911743
1138,0-3,36-50,Other,Female,Med,High,0.0
1139,0-3,36-50,Other,Female,Med,Very High,0.0
1140,0-3,36-50,Other,Female,High,Abs,0.0
1141,0-3,36-50,Other,Female,High,Low,0.04823372885584831
1142,0-3,36-50,Other,Female,High,Med,0.061373528093099594
1143,0-3,36-50,Other,Female,High,High,0.8378108739852905
1144,0-3,36-50,Other,Female,High,Very High,0.052581824362277985
1145,0-3,36-50,Other,Female,Very High,Abs,0.2307419776916504
1146,0-3,36-50,Other,Female,Very High,Low,0.0
1147,0-3,36-50,Other,Female,Very High,Med,0.11231750249862671
1148,0-3,36-50,Other,Female,Very High,High,0.07504554837942123
1149,0-3,36-50,Other,Female,Very High,Very High,0.5818949937820435
1150,3-8,36-50,Other,Female,Abs,Abs,0.962980329990387
1151,3-8,36-50,Other,Female,Abs,Low,0.01711967960000038
1152,3-8,36-50,Other,Female,Abs,Med,0.00989999994635582
1153,3-8,36-50,Other,Female,Abs,High,0.0
1154,3-8,36-50,Other,Female,Abs,Very High,0.009999999776482582
1155,3-8,36-50,Other,Female,Low,Abs,0.12583358585834503
1156,3-8,36-50,Other,Female,Low,Low,0.6994975805282593
1157,3-8,36-50,Other,Female,Low,Med,0.009999999776482582
1158,3-8,36-50,Other,Female,Low,High,0.04219314083456993
1159,3-8,36-50,Other,Female,Low,Very High,0.12247567623853683
1160,3-8,36-50,Other,Female,Med,Abs,0.010724284686148167
1161,3-8,36-50,Other,Female,Med,Low,0.5045363306999207
1162,3-8,36-50,Other,Female,Med,Med,0.3947520852088928
1163,3-8,36-50,Other,Female,Med,High,0.06034518778324127
1164,3-8,36-50,Other,Female,Med,Very High,0.029642127454280853
1165,3-8,36-50,Other,Female,High,Abs,0.039170991629362106
1166,3-8,36-50,Other,Female,High,Low,4.1491050069453195e-05
1167,3-8,36-50,Other,Female,High,Med,0.08826736360788345
1168,3-8,36-50,Other,Female,High,High,0.7776849865913391
1169,3-8,36-50,Other,Female,High,Very High,0.09483513236045837
1170,3-8,36-50,Other,Female,Very High,Abs,0.24310001730918884
1171,3-8,36-50,Other,Female,Very High,Low,0.010112365707755089
1172,3-8,36-50,Other,Female,Very High,Med,0.15362563729286194
1173,3-8,36-50,Other,Female,Very High,High,0.04647155851125717
1174,3-8,36-50,Other,Female,Very High,Very High,0.5466904044151306
1175,8+,36-50,Other,Female,Abs,Abs,0.9759326577186584
1176,8+,36-50,Other,Female,Abs,Low,0.02406734973192215
1177,8+,36-50,Other,Female,Abs,Med,0.0
1178,8+,36-50,Other,Female,Abs,High,0.0
1179,8+,36-50,Other,Female,Abs,Very High,0.0
1180,8+,36-50,Other,Female,Low,Abs,0.09241502732038498
1181,8+,36-50,Other,Female,Low,Low,0.7315337657928467
1182,8+,36-50,Other,Female,Low,Med,0.020004451274871826
1183,8+,36-50,Other,Female,Low,High,0.07396200299263
1184,8+,36-50,Other,Female,Low,Very High,0.08208475261926651
1185,8+,36-50,Other,Female,Med,Abs,0.010159720666706562
1186,8+,36-50,Other,Female,Med,Low,0.43634045124053955
1187,8+,36-50,Other,Female,Med,Med,0.34660375118255615
1188,8+,36-50,Other,Female,Med,High,0.051913462579250336
1189,8+,36-50,Other,Female,Med,Very High,0.15498261153697968
1190,8+,36-50,Other,Female,High,Abs,0.025088496506214142
1191,8+,36-50,Other,Female,High,Low,0.08184823393821716
1192,8+,36-50,Other,Female,High,Med,0.07247617095708847
1193,8+,36-50,Other,Female,High,High,0.7504265308380127
1194,8+,36-50,Other,Female,High,Very High,0.07016053795814514
1195,8+,36-50,Other,Female,Very High,Abs,0.3226756751537323
1196,8+,36-50,Other,Female,Very High,Low,0.02689327485859394
1197,8+,36-50,Other,Female,Very High,Med,0.2572285532951355
1198,8+,36-50,Other,Female,Very High,High,0.046284019947052
1199,8+,36-50,Other,Female,Very High,Very High,0.3469184637069702
1200,0-3,51+,White,Male,Abs,Abs,0.9737496972084045
1201,0-3,51+,White,Male,Abs,Low,0.015928110107779503
1202,0-3,51+,White,Male,Abs,Med,0.006135341711342335
1203,0-3,51+,White,Male,Abs,High,9.999999747378752e-06
1204,0-3,51+,White,Male,Abs,Very High,0.004176826681941748
1205,0-3,51+,White,Male,Low,Abs,0.05746544525027275
1206,0-3,51+,White,Male,Low,Low,0.854127824306488
1207,0-3,51+,White,Male,Low,Med,0.07466644048690796
1208,0-3,51+,White,Male,Low,High,0.005956576205790043
1209,0-3,51+,White,Male,Low,Very High,0.007783721666783094
1210,0-3,51+,White,Male,Med,Abs,1.002419139695121e-05
1211,0-3,51+,White,Male,Med,Low,0.16675637662410736
1212,0-3,51+,White,Male,Med,Med,0.5441855788230896
1213,0-3,51+,White,Male,Med,High,0.2890379726886749
1214,0-3,51+,White,Male,Med,Very High,1.0030920748249628e-05
1215,0-3,51+,White,Male,High,Abs,0.04197514057159424
1216,0-3,51+,White,Male,High,Low,0.10813688486814499
1217,0-3,51+,White,Male,High,Med,0.12055827677249908
1218,0-3,51+,White,Male,High,High,0.4394291043281555
1219,0-3,51+,White,Male,High,Very High,0.28990060091018677
1220,0-3,51+,White,Male,Very High,Abs,0.002073898445814848
1221,0-3,51+,White,Male,Very High,Low,0.15175680816173553
1222,0-3,51+,White,Male,Very High,Med,0.040187835693359375
1223,0-3,51+,White,Male,Very High,High,0.13604068756103516
1224,0-3,51+,White,Male,Very High,Very High,0.6699407696723938
1225,3-8,51+,White,Male,Abs,Abs,0.9626036882400513
1226,3-8,51+,White,Male,Abs,Low,0.017496297135949135
1227,3-8,51+,White,Male,Abs,Med,0.00989999994635582
1228,3-8,51+,White,Male,Abs,High,0.0
1229,3-8,51+,White,Male,Abs,Very High,0.009999999776482582
1230,3-8,51+,White,Male,Low,Abs,0.038437291979789734
1231,3-8,51+,White,Male,Low,Low,0.866280198097229
1232,3-8,51+,White,Male,Low,Med,0.009999999776482582
1233,3-8,51+,White,Male,Low,High,0.03326019272208214
1234,3-8,51+,White,Male,Low,Very High,0.052022311836481094
1235,3-8,51+,White,Male,Med,Abs,0.011777372099459171
1236,3-8,51+,White,Male,Med,Low,0.12944991886615753
1237,3-8,51+,White,Male,Med,Med,0.527783215045929
1238,3-8,51+,White,Male,Med,High,0.3007294535636902
1239,3-8,51+,White,Male,Med,Very High,0.030260037630796432
1240,3-8,51+,White,Male,High,Abs,0.06686003506183624
1241,3-8,51+,White,Male,High,Low,0.06317374110221863
1242,3-8,51+,White,Male,High,Med,0.14114390313625336
1243,3-8,51+,White,Male,High,High,0.38922256231307983
1244,3-8,51+,White,Male,High,Very High,0.33959972858428955
1245,3-8,51+,White,Male,Very High,Abs,0.07417182624340057
1246,3-8,51+,White,Male,Very High,Low,0.04198511317372322
1247,3-8,51+,White,Male,Very High,Med,0.10329125076532364
1248,3-8,51+,White,Male,Very High,High,0.09393668174743652
1249,3-8,51+,White,Male,Very High,Very High,0.6866151094436646
1250,8+,51+,White,Male,Abs,Abs,0.9754975438117981
1251,8+,51+,White,Male,Abs,Low,0.024502454325556755
1252,8+,51+,White,Male,Abs,Med,0.0
1253,8+,51+,White,Male,Abs,High,0.0
1254,8+,51+,White,Male,Abs,Very High,0.0
1255,8+,51+,White,Male,Low,Abs,0.016282452270388603
1256,8+,51+,White,Male,Low,Low,0.8745205998420715
1257,8+,51+,White,Male,Low,Med,0.019997434690594673
1258,8+,51+,White,Male,Low,High,0.05574755370616913
1259,8+,51+,White,Male,Low,Very High,0.033451952040195465
1260,8+,51+,White,Male,Med,Abs,0.010147932916879654
1261,8+,51+,White,Male,Med,Low,0.15577812492847443
1262,8+,51+,White,Male,Med,Med,0.4640880823135376
1263,8+,51+,White,Male,Med,High,0.21340644359588623
1264,8+,51+,White,Male,Med,Very High,0.15657944977283478
1265,8+,51+,White,Male,High,Abs,0.022183775901794434
1266,8+,51+,White,Male,High,Low,0.06871876865625381
1267,8+,51+,White,Male,High,Med,0.14040955901145935
1268,8+,51+,White,Male,High,High,0.412708580493927
1269,8+,51+,White,Male,High,Very High,0.355979323387146
1270,8+,51+,White,Male,Very High,Abs,0.15685714781284332
1271,8+,51+,White,Male,Very High,Low,0.026671279221773148
1272,8+,51+,White,Male,Very High,Med,0.21896806359291077
1273,8+,51+,White,Male,Very High,High,0.10774791240692139
1274,8+,51+,White,Male,Very High,Very High,0.4897555708885193
1275,0-3,51+,Black,Male,Abs,Abs,0.9831110835075378
1276,0-3,51+,Black,Male,Abs,Low,9.999999747378752e-06
1277,0-3,51+,Black,Male,Abs,Med,0.012199745513498783
1278,0-3,51+,Black,Male,Abs,High,0.000887395057361573
1279,0-3,51+,Black,Male,Abs,Very High,0.0037917771842330694
1280,0-3,51+,Black,Male,Low,Abs,0.07334838062524796
1281,0-3,51+,Black,Male,Low,Low,0.8138077259063721
1282,0-3,51+,Black,Male,Low,Med,0.06750254333019257
1283,0-3,51+,Black,Male,Low,High,0.02446918375790119
1284,0-3,51+,Black,Male,Low,Very High,0.02087213844060898
1285,0-3,51+,Black,Male,Med,Abs,0.0056570060551166534
1286,0-3,51+,Black,Male,Med,Low,0.8185284733772278
1287,0-3,51+,Black,Male,Med,Med,0.17580462992191315
1288,0-3,51+,Black,Male,Med,High,9.890991350403056e-06
1289,0-3,51+,Black,Male,Med,Very High,0.0
1290,0-3,51+,Black,Male,High,Abs,9.983132258639671e-06
1291,0-3,51+,Black,Male,High,Low,0.12535645067691803
1292,0-3,51+,Black,Male,High,Med,9.978134585253429e-06
1293,0-3,51+,Black,Male,High,High,0.6852165460586548
1294,0-3,51+,Black,Male,High,Very High,0.18940703570842743
1295,0-3,51+,Black,Male,Very High,Abs,0.00822666846215725
1296,0-3,51+,Black,Male,Very High,Low,0.09594355523586273
1297,0-3,51+,Black,Male,Very High,Med,0.15228821337223053
1298,0-3,51+,Black,Male,Very High,High,0.07308448851108551
1299,0-3,51+,Black,Male,Very High,Very High,0.6704570651054382
1300,3-8,51+,Black,Male,Abs,Abs,0.9625272154808044
1301,3-8,51+,Black,Male,Abs,Low,0.017572788521647453
1302,3-8,51+,Black,Male,Abs,Med,0.00989999994635582
1303,3-8,51+,Black,Male,Abs,High,0.0
1304,3-8,51+,Black,Male,Abs,Very High,0.009999999776482582
1305,3-8,51+,Black,Male,Low,Abs,0.05380701273679733
1306,3-8,51+,Black,Male,Low,Low,0.8186898231506348
1307,3-8,51+,Black,Male,Low,Med,0.009999999776482582
1308,3-8,51+,Black,Male,Low,High,0.05298244580626488
1309,3-8,51+,Black,Male,Low,Very High,0.06452067941427231
1310,3-8,51+,Black,Male,Med,Abs,0.009496270678937435
1311,3-8,51+,Black,Male,Med,Low,0.7079104781150818
1312,3-8,51+,Black,Male,Med,Med,0.1948719173669815
1313,3-8,51+,Black,Male,Med,High,0.05926630273461342
1314,3-8,51+,Black,Male,Med,Very High,0.028455041348934174
1315,3-8,51+,Black,Male,High,Abs,0.03501272201538086
1316,3-8,51+,Black,Male,High,Low,0.08023408055305481
1317,3-8,51+,Black,Male,High,Med,0.026844670996069908
1318,3-8,51+,Black,Male,High,High,0.6215330362319946
1319,3-8,51+,Black,Male,High,Very High,0.23637546598911285
1320,3-8,51+,Black,Male,Very High,Abs,0.07339201867580414
1321,3-8,51+,Black,Male,Very High,Low,0.010152575559914112
1322,3-8,51+,Black,Male,Very High,Med,0.19258658587932587
1323,3-8,51+,Black,Male,Very High,High,0.04628051072359085
1324,3-8,51+,Black,Male,Very High,Very High,0.6775882840156555
1325,8+,51+,Black,Male,Abs,Abs,0.9754093289375305
1326,8+,51+,Black,Male,Abs,Low,0.02459065616130829
1327,8+,51+,Black,Male,Abs,Med,0.0
1328,8+,51+,Black,Male,Abs,High,0.0
1329,8+,51+,Black,Male,Abs,Very High,0.0
1330,8+,51+,Black,Male,Low,Abs,0.029398884624242783
1331,8+,51+,Black,Male,Low,Low,0.841370165348053
1332,8+,51+,Black,Male,Low,Med,0.019993558526039124
1333,8+,51+,Black,Male,Low,High,0.07440625131130219
1334,8+,51+,Black,Male,Low,Very High,0.03483113273978233
1335,8+,51+,Black,Male,Med,Abs,0.01021108403801918
1336,8+,51+,Black,Male,Med,Low,0.6000989675521851
1337,8+,51+,Black,Male,Med,Med,0.18973669409751892
1338,8+,51+,Black,Male,Med,High,0.04927065223455429
1339,8+,51+,Black,Male,Med,Very High,0.15068262815475464
1340,8+,51+,Black,Male,High,Abs,0.02353796921670437
1341,8+,51+,Black,Male,High,Low,0.07521623373031616
1342,8+,51+,Black,Male,High,Med,0.012190657667815685
1343,8+,51+,Black,Male,High,High,0.6483986377716064
1344,8+,51+,Black,Male,High,Very High,0.24065649509429932
1345,8+,51+,Black,Male,Very High,Abs,0.14719057083129883
1346,8+,51+,Black,Male,Very High,Low,0.02653534896671772
1347,8+,51+,Black,Male,Very High,Med,0.3207372725009918
1348,8+,51+,Black,Male,Very High,High,0.049480829387903214
1349,8+,51+,Black,Male,Very High,Very High,0.4560559391975403
1350,0-3,51+,Hispanic,Male,Abs,Abs,0.9812823534011841
1351,0-3,51+,Hispanic,Male,Abs,Low,0.0021001107525080442
1352,0-3,51+,Hispanic,Male,Abs,Med,0.011995555832982063
1353,0-3,51+,Hispanic,Male,Abs,High,0.0008743936195969582
1354,0-3,51+,Hispanic,Male,Abs,Very High,0.0037475749850273132
1355,0-3,51+,Hispanic,Male,Low,Abs,0.07387334108352661
1356,0-3,51+,Hispanic,Male,Low,Low,0.8126544952392578
1357,0-3,51+,Hispanic,Male,Low,Med,0.06787904351949692
1358,0-3,51+,Hispanic,Male,Low,High,0.02459828555583954
1359,0-3,51+,Hispanic,Male,Low,Very High,0.02099480852484703
1360,0-3,51+,Hispanic,Male,Med,Abs,0.004099077545106411
1361,0-3,51+,Hispanic,Male,Med,Low,0.8239246010780334
1362,0-3,51+,Hispanic,Male,Med,Med,0.17196638882160187
1363,0-3,51+,Hispanic,Male,Med,High,9.945394594979007e-06
1364,0-3,51+,Hispanic,Male,Med,Very High,0.0
1365,0-3,51+,Hispanic,Male,High,Abs,9.983134077629074e-06
1366,0-3,51+,Hispanic,Male,High,Low,0.12536048889160156
1367,0-3,51+,Hispanic,Male,High,Med,9.978134585253429e-06
1368,0-3,51+,Hispanic,Male,High,High,0.6852134466171265
1369,0-3,51+,Hispanic,Male,High,Very High,0.18940608203411102
1370,0-3,51+,Hispanic,Male,Very High,Abs,0.008205662481486797
1371,0-3,51+,Hispanic,Male,Very High,Low,0.0948643758893013
1372,0-3,51+,Hispanic,Male,Very High,Med,0.15344396233558655
1373,0-3,51+,Hispanic,Male,Very High,High,0.07307874411344528
1374,0-3,51+,Hispanic,Male,Very High,Very High,0.670407235622406
1375,3-8,51+,Hispanic,Male,Abs,Abs,0.9625350832939148
1376,3-8,51+,Hispanic,Male,Abs,Low,0.017564911395311356
1377,3-8,51+,Hispanic,Male,Abs,Med,0.00989999994635582
1378,3-8,51+,Hispanic,Male,Abs,High,0.0
1379,3-8,51+,Hispanic,Male,Abs,Very High,0.009999999776482582
1380,3-8,51+,Hispanic,Male,Low,Abs,0.054329536855220795
1381,3-8,51+,Hispanic,Male,Low,Low,0.8178508877754211
1382,3-8,51+,Hispanic,Male,Low,Med,0.009999999776482582
1383,3-8,51+,Hispanic,Male,Low,High,0.05314938351511955
1384,3-8,51+,Hispanic,Male,Low,Very High,0.06467016786336899
1385,3-8,51+,Hispanic,Male,Med,Abs,0.009471192955970764
1386,3-8,51+,Hispanic,Male,Med,Low,0.7116449475288391
1387,3-8,51+,Hispanic,Male,Med,Med,0.19125089049339294
1388,3-8,51+,Hispanic,Male,Med,High,0.05920640006661415
1389,3-8,51+,Hispanic,Male,Med,Very High,0.028426561504602432
1390,3-8,51+,Hispanic,Male,High,Abs,0.035012684762477875
1391,3-8,51+,Hispanic,Male,High,Low,0.08023817837238312
1392,3-8,51+,Hispanic,Male,High,Med,0.02684462070465088
1393,3-8,51+,Hispanic,Male,High,High,0.6215301752090454
1394,3-8,51+,Hispanic,Male,High,Very High,0.23637433350086212
1395,3-8,51+,Hispanic,Male,Very High,Abs,0.07333918660879135
1396,3-8,51+,Hispanic,Male,Very High,Low,0.010152786038815975
1397,3-8,51+,Hispanic,Male,Very High,Med,0.19335642457008362
1398,3-8,51+,Hispanic,Male,Very High,High,0.04623639956116676
1399,3-8,51+,Hispanic,Male,Very High,Very High,0.6769152283668518
1400,8+,51+,Hispanic,Male,Abs,Abs,0.9754184484481812
1401,8+,51+,Hispanic,Male,Abs,Low,0.024581575766205788
1402,8+,51+,Hispanic,Male,Abs,Med,0.0
1403,8+,51+,Hispanic,Male,Abs,High,0.0
1404,8+,51+,Hispanic,Male,Abs,Very High,0.0
1405,8+,51+,Hispanic,Male,Low,Abs,0.029811624437570572
1406,8+,51+,Hispanic,Male,Low,Low,0.8407203555107117
1407,8+,51+,Hispanic,Male,Low,Med,0.019993513822555542
1408,8+,51+,Hispanic,Male,Low,High,0.0746239498257637
1409,8+,51+,Hispanic,Male,Low,Very High,0.03485056757926941
1410,8+,51+,Hispanic,Male,Med,Abs,0.010211801156401634
1411,8+,51+,Hispanic,Male,Med,Low,0.6030924916267395
1412,8+,51+,Hispanic,Male,Med,Med,0.18697355687618256
1413,8+,51+,Hispanic,Male,Med,High,0.049168214201927185
1414,8+,51+,Hispanic,Male,Med,Very High,0.15055395662784576
1415,8+,51+,Hispanic,Male,High,Abs,0.023537933826446533
1416,8+,51+,Hispanic,Male,High,Low,0.07522086799144745
1417,8+,51+,Hispanic,Male,High,Med,0.012190583162009716
1418,8+,51+,Hispanic,Male,High,High,0.6483955383300781
1419,8+,51+,Hispanic,Male,High,Very High,0.24065503478050232
1420,8+,51+,Hispanic,Male,Very High,Abs,0.14705073833465576
1421,8+,51+,Hispanic,Male,Very High,Low,0.026534859091043472
1422,8+,51+,Hispanic,Male,Very High,Med,0.32156211137771606
1423,8+,51+,Hispanic,Male,Very High,High,0.04940735921263695
1424,8+,51+,Hispanic,Male,Very High,Very High,0.45544493198394775
1425,0-3,51+,Other,Male,Abs,Abs,0.9652608036994934
1426,0-3,51+,Other,Male,Abs,Low,0.022711604833602905
1427,0-3,51+,Other,Male,Abs,Med,0.007967257872223854
1428,0-3,51+,Other,Male,Abs,High,0.0007455640006810427
1429,0-3,51+,Other,Male,Abs,Very High,0.003314749803394079
1430,0-3,51+,Other,Male,Low,Abs,0.07468123733997345
1431,0-3,51+,Other,Male,Low,Low,0.811248242855072
1432,0-3,51+,Other,Male,Low,Med,0.0686970055103302
1433,0-3,51+,Other,Male,Low,High,0.024469980970025063
1434,0-3,51+,Other,Male,Low,Very High,0.020903557538986206
1435,0-3,51+,Other,Male,Med,Abs,0.005391885060817003
1436,0-3,51+,Other,Male,Med,Low,0.8187758922576904
1437,0-3,51+,Other,Male,Med,Med,0.17582306265830994
1438,0-3,51+,Other,Male,Med,High,9.152958227787167e-06
1439,0-3,51+,Other,Male,Med,Very High,1.2848044725317606e-17
1440,0-3,51+,Other,Male,High,Abs,9.983133168134373e-06
1441,0-3,51+,Other,Male,High,Low,0.12540316581726074
1442,0-3,51+,Other,Male,High,Med,9.98951327346731e-06
1443,0-3,51+,Other,Male,High,High,0.6851807832717896
1444,0-3,51+,Other,Male,High,Very High,0.18939609825611115
1445,0-3,51+,Other,Male,Very High,Abs,0.007993621751666069
1446,0-3,51+,Other,Male,Very High,Low,0.09630362689495087
1447,0-3,51+,Other,Male,Very High,Med,0.15215818583965302
1448,0-3,51+,Other,Male,Very High,High,0.07308077812194824
1449,0-3,51+,Other,Male,Very High,Very High,0.6704638004302979
1450,3-8,51+,Other,Male,Abs,Abs,0.9626181721687317
1451,3-8,51+,Other,Male,Abs,Low,0.01748185232281685
1452,3-8,51+,Other,Male,Abs,Med,0.00989999994635582
1453,3-8,51+,Other,Male,Abs,High,0.0
1454,3-8,51+,Other,Male,Abs,Very High,0.009999999776482582
1455,3-8,51+,Other,Male,Low,Abs,0.05514447018504143
1456,3-8,51+,Other,Male,Low,Low,0.8171691298484802
1457,3-8,51+,Other,Male,Low,Med,0.009999999776482582
1458,3-8,51+,Other,Male,Low,High,0.05307402089238167
1459,3-8,51+,Other,Male,Low,Very High,0.06461238116025925
1460,3-8,51+,Other,Male,Med,Abs,0.009496180340647697
1461,3-8,51+,Other,Male,Med,Low,0.707926332950592
1462,3-8,51+,Other,Male,Med,Med,0.19486208260059357
1463,3-8,51+,Other,Male,Med,High,0.05926049128174782
1464,3-8,51+,Other,Male,Med,Very High,0.028454937040805817
1465,3-8,51+,Other,Male,High,Abs,0.03501230478286743
1466,3-8,51+,Other,Male,High,Low,0.080281563103199
1467,3-8,51+,Other,Male,High,Med,0.026844101026654243
1468,3-8,51+,Other,Male,High,High,0.6214997172355652
1469,3-8,51+,Other,Male,High,Very High,0.2363622933626175
1470,3-8,51+,Other,Male,Very High,Abs,0.07340797036886215
1471,3-8,51+,Other,Male,Very High,Low,0.010152556002140045
1472,3-8,51+,Other,Male,Very High,Med,0.19252470135688782
1473,3-8,51+,Other,Male,Very High,High,0.04628311097621918
1474,3-8,51+,Other,Male,Very High,Very High,0.677631676197052
1475,8+,51+,Other,Male,Abs,Abs,0.9755142331123352
1476,8+,51+,Other,Male,Abs,Low,0.024485792964696884
1477,8+,51+,Other,Male,Abs,Med,0.0
1478,8+,51+,Other,Male,Abs,High,0.0
1479,8+,51+,Other,Male,Abs,Very High,0.0
1480,8+,51+,Other,Male,Low,Abs,0.030408740043640137
1481,8+,51+,Other,Male,Low,Low,0.8400707244873047
1482,8+,51+,Other,Male,Low,Med,0.019993510097265244
1483,8+,51+,Other,Male,Low,High,0.07465698570013046
1484,8+,51+,Other,Male,Low,Very High,0.03487003222107887
1485,8+,51+,Other,Male,Med,Abs,0.010211084969341755
1486,8+,51+,Other,Male,Med,Low,0.6001113653182983
1487,8+,51+,Other,Male,Med,Med,0.1897287666797638
1488,8+,51+,Other,Male,Med,High,0.04926668480038643
1489,8+,51+,Other,Male,Med,Very High,0.15068209171295166
1490,8+,51+,Other,Male,High,Abs,0.023537568747997284
1491,8+,51+,Other,Male,High,Low,0.0752699226140976
1492,8+,51+,Other,Male,High,Med,0.01218979712575674
1493,8+,51+,Other,Male,High,High,0.6483629941940308
1494,8+,51+,Other,Male,High,Very High,0.24063971638679504
1495,8+,51+,Other,Male,Very High,Abs,0.14721430838108063
1496,8+,51+,Other,Male,Very High,Low,0.026535416021943092
1497,8+,51+,Other,Male,Very High,Med,0.3206688463687897
1498,8+,51+,Other,Male,Very High,High,0.049485351890325546
1499,8+,51+,Other,Male,Very High,Very High,0.4560960829257965
1500,0-3,51+,White,Female,Abs,Abs,0.9792499542236328
1501,0-3,51+,White,Female,Abs,Low,0.011765758506953716
1502,0-3,51+,White,Female,Abs,Med,0.0052897995337843895
1503,0-3,51+,White,Female,Abs,High,9.999999747378752e-06
1504,0-3,51+,White,Female,Abs,Very High,0.0036844529677182436
1505,0-3,51+,White,Female,Low,Abs,0.13057783246040344
1506,0-3,51+,White,Female,Low,Low,0.7108056545257568
1507,0-3,51+,White,Female,Low,Med,0.09829369187355042
1508,0-3,51+,White,Female,Low,High,0.028515880927443504
1509,0-3,51+,White,Female,Low,Very High,0.03180697560310364
1510,0-3,51+,White,Female,Med,Abs,0.0
1511,0-3,51+,White,Female,Med,Low,0.3000168204307556
1512,0-3,51+,White,Female,Med,Med,0.6377031207084656
1513,0-3,51+,White,Female,Med,High,0.017321240156888962
1514,0-3,51+,White,Female,Med,Very High,0.044958826154470444
1515,0-3,51+,White,Female,High,Abs,5.4273487202809035e-17
1516,0-3,51+,White,Female,High,Low,1.0340555490984116e-05
1517,0-3,51+,White,Female,High,Med,0.4134761095046997
1518,0-3,51+,White,Female,High,High,0.4203716516494751
1519,0-3,51+,White,Female,High,Very High,0.16614185273647308
1520,0-3,51+,White,Female,Very High,Abs,0.04265858232975006
1521,0-3,51+,White,Female,Very High,Low,0.12547117471694946
1522,0-3,51+,White,Female,Very High,Med,1.0037403626483865e-05
1523,0-3,51+,White,Female,Very High,High,0.35496509075164795
1524,0-3,51+,White,Female,Very High,Very High,0.4768950939178467
1525,3-8,51+,White,Female,Abs,Abs,0.9626951217651367
1526,3-8,51+,White,Female,Abs,Low,0.01740489900112152
1527,3-8,51+,White,Female,Abs,Med,0.00989999994635582
1528,3-8,51+,White,Female,Abs,High,0.0
1529,3-8,51+,White,Female,Abs,Very High,0.009999999776482582
1530,3-8,51+,White,Female,Low,Abs,0.1127309501171112
1531,3-8,51+,White,Female,Low,Low,0.7386824488639832
1532,3-8,51+,White,Female,Low,Med,0.009999999776482582
1533,3-8,51+,White,Female,Low,High,0.06006592512130737
1534,3-8,51+,White,Female,Low,Very High,0.07852071523666382
1535,3-8,51+,White,Female,Med,Abs,0.013075189664959908
1536,3-8,51+,White,Female,Med,Low,0.24810171127319336
1537,3-8,51+,White,Female,Med,Med,0.6425523161888123
1538,3-8,51+,White,Female,Med,High,0.062072742730379105
1539,3-8,51+,White,Female,Med,Very High,0.03419803828001022
1540,3-8,51+,White,Female,High,Abs,0.031686730682849884
1541,3-8,51+,White,Female,High,Low,5.470137330121361e-05
1542,3-8,51+,White,Female,High,Med,0.42691129446029663
1543,3-8,51+,White,Female,High,High,0.34660768508911133
1544,3-8,51+,White,Female,High,Very High,0.19473956525325775
1545,3-8,51+,White,Female,Very High,Abs,0.10250111669301987
1546,3-8,51+,White,Female,Very High,Low,0.031864672899246216
1547,3-8,51+,White,Female,Very High,Med,0.07103578001260757
1548,3-8,51+,White,Female,Very High,High,0.28526219725608826
1549,3-8,51+,White,Female,Very High,Very High,0.5093362331390381
1550,8+,51+,White,Female,Abs,Abs,0.9756029844284058
1551,8+,51+,White,Female,Abs,Low,0.02439698949456215
1552,8+,51+,White,Female,Abs,Med,0.0
1553,8+,51+,White,Female,Abs,High,0.0
1554,8+,51+,White,Female,Abs,Very High,0.0
1555,8+,51+,White,Female,Low,Abs,0.07890944927930832
1556,8+,51+,White,Female,Low,Low,0.7679958343505859
1557,8+,51+,White,Female,Low,Med,0.019993187859654427
1558,8+,51+,White,Female,Low,High,0.08685597032308578
1559,8+,51+,White,Female,Low,Very High,0.04624555632472038
1560,8+,51+,White,Female,Med,Abs,0.0100448839366436
1561,8+,51+,White,Female,Med,Low,0.2327810525894165
1562,8+,51+,White,Female,Med,Med,0.5493516325950623
1563,8+,51+,White,Female,Med,High,0.05234445631504059
1564,8+,51+,White,Female,Med,Very High,0.15547795593738556
1565,8+,51+,White,Female,High,Abs,0.02223772183060646
1566,8+,51+,White,Female,High,Low,0.0676882416009903
1567,8+,51+,White,Female,High,Med,0.4083215594291687
1568,8+,51+,White,Female,High,High,0.3277049958705902
1569,8+,51+,White,Female,High,Very High,0.17404744029045105
1570,8+,51+,White,Female,Very High,Abs,0.17461198568344116
1571,8+,51+,White,Female,Very High,Low,0.027142716571688652
1572,8+,51+,White,Female,Very High,Med,0.16762791574001312
1573,8+,51+,White,Female,Very High,High,0.2945062518119812
1574,8+,51+,White,Female,Very High,Very High,0.3361110985279083
1575,0-3,51+,Black,Female,Abs,Abs,0.9848447442054749
1576,0-3,51+,Black,Female,Abs,Low,9.999376743508037e-06
1577,0-3,51+,Black,Female,Abs,Med,0.012561011128127575
1578,0-3,51+,Black,Female,Abs,High,9.999999747378752e-06
1579,0-3,51+,Black,Female,Abs,Very High,0.0025742279831320047
1580,0-3,51+,Black,Female,Low,Abs,0.14866438508033752
1581,0-3,51+,Black,Female,Low,Low,0.7612347602844238
1582,0-3,51+,Black,Female,Low,Med,0.01868092454969883
1583,0-3,51+,Black,Female,Low,High,0.010052512399852276
1584,0-3,51+,Black,Female,Low,Very High,0.06136740371584892
1585,0-3,51+,Black,Female,Med,Abs,0.0
1586,0-3,51+,Black,Female,Med,Low,0.5027015805244446
1587,0-3,51+,Black,Female,Med,Med,0.4972985088825226
1588,0-3,51+,Black,Female,Med,High,0.0
1589,0-3,51+,Black,Female,Med,Very High,0.0
1590,0-3,51+,Black,Female,High,Abs,0.0
1591,0-3,51+,Black,Female,High,Low,0.06616099923849106
1592,0-3,51+,Black,Female,High,Med,0.03141628950834274
1593,0-3,51+,Black,Female,High,High,0.8396216630935669
1594,0-3,51+,Black,Female,High,Very High,0.06280101090669632
1595,0-3,51+,Black,Female,Very High,Abs,0.03924291208386421
1596,0-3,51+,Black,Female,Very High,Low,0.0
1597,0-3,51+,Black,Female,Very High,Med,0.3403274118900299
1598,0-3,51+,Black,Female,Very High,High,0.062120240181684494
1599,0-3,51+,Black,Female,Very High,Very High,0.5583094358444214
1600,3-8,51+,Black,Female,Abs,Abs,0.9629165530204773
1601,3-8,51+,Black,Female,Abs,Low,0.017183464020490646
1602,3-8,51+,Black,Female,Abs,Med,0.00989999994635582
1603,3-8,51+,Black,Female,Abs,High,0.0
1604,3-8,51+,Black,Female,Abs,Very High,0.009999999776482582
1605,3-8,51+,Black,Female,Low,Abs,0.12143207341432571
1606,3-8,51+,Black,Female,Low,Low,0.7297226190567017
1607,3-8,51+,Black,Female,Low,Med,0.009999999776482582
1608,3-8,51+,Black,Female,Low,High,0.03670686483383179
1609,3-8,51+,Black,Female,Low,Very High,0.1021384671330452
1610,3-8,51+,Black,Female,Med,Abs,0.011333340778946877
1611,3-8,51+,Black,Female,Med,Low,0.4155512750148773
1612,3-8,51+,Black,Female,Med,Med,0.4821648895740509
1613,3-8,51+,Black,Female,Med,High,0.06085057184100151
1614,3-8,51+,Black,Female,Med,Very High,0.03009997121989727
1615,3-8,51+,Black,Female,High,Abs,0.03927969932556152
1616,3-8,51+,Black,Female,High,Low,0.01923394203186035
1617,3-8,51+,Black,Female,High,Med,0.05465332418680191
1618,3-8,51+,Black,Female,High,High,0.7800202965736389
1619,3-8,51+,Black,Female,High,Very High,0.10681270062923431
1620,3-8,51+,Black,Female,Very High,Abs,0.09239356964826584
1621,3-8,51+,Black,Female,Very High,Low,0.010201787576079369
1622,3-8,51+,Black,Female,Very High,Med,0.33988234400749207
1623,3-8,51+,Black,Female,Very High,High,0.037127766758203506
1624,3-8,51+,Black,Female,Very High,Very High,0.520394504070282
1625,8+,51+,Black,Female,Abs,Abs,0.9758588671684265
1626,8+,51+,Black,Female,Abs,Low,0.024141140282154083
1627,8+,51+,Black,Female,Abs,Med,0.0
1628,8+,51+,Black,Female,Abs,High,0.0
1629,8+,51+,Black,Female,Abs,Very High,0.0
1630,8+,51+,Black,Female,Low,Abs,0.08647730946540833
1631,8+,51+,Black,Female,Low,Low,0.7605298757553101
1632,8+,51+,Black,Female,Low,Med,0.020001616328954697
1633,8+,51+,Black,Female,Low,High,0.06833542138338089
1634,8+,51+,Black,Female,Low,Very High,0.06465574353933334
1635,8+,51+,Black,Female,Med,Abs,0.010128103196620941
1636,8+,51+,Black,Female,Med,Low,0.36485663056373596
1637,8+,51+,Black,Female,Med,Med,0.4169459939002991
1638,8+,51+,Black,Female,Med,High,0.05238274112343788
1639,8+,51+,Black,Female,Med,Very High,0.15568657219409943
1640,8+,51+,Black,Female,High,Abs,0.02544497884809971
1641,8+,51+,Black,Female,High,Low,0.08395599573850632
1642,8+,51+,Black,Female,High,Med,0.03928849846124649
1643,8+,51+,Black,Female,High,High,0.7659355401992798
1644,8+,51+,Black,Female,High,Very High,0.08537496626377106
1645,8+,51+,Black,Female,Very High,Abs,0.15280887484550476
1646,8+,51+,Black,Female,Very High,Low,0.026334280148148537
1647,8+,51+,Black,Female,Very High,Med,0.467352032661438
1648,8+,51+,Black,Female,Very High,High,0.03621811792254448
1649,8+,51+,Black,Female,Very High,Very High,0.3172866702079773
1650,0-3,51+,Hispanic,Female,Abs,Abs,0.9840588569641113
1651,0-3,51+,Hispanic,Female,Abs,Low,9.989269528887235e-06
1652,0-3,51+,Hispanic,Female,Abs,Med,0.013468758203089237
1653,0-3,51+,Hispanic,Female,Abs,High,9.999999747378752e-06
1654,0-3,51+,Hispanic,Female,Abs,Very High,0.0024523695465177298
1655,0-3,51+,Hispanic,Female,Low,Abs,0.14817838370800018
1656,0-3,51+,Hispanic,Female,Low,Low,0.761062502861023
1657,0-3,51+,Hispanic,Female,Low,Med,0.01964733935892582
1658,0-3,51+,Hispanic,Female,Low,High,0.009996355511248112
1659,0-3,51+,Hispanic,Female,Low,Very High,0.06111542880535126
1660,0-3,51+,Hispanic,Female,Med,Abs,0.0
1661,0-3,51+,Hispanic,Female,Med,Low,0.5039958357810974
1662,0-3,51+,Hispanic,Female,Med,Med,0.4960041642189026
1663,0-3,51+,Hispanic,Female,Med,High,0.0
1664,0-3,51+,Hispanic,Female,Med,Very High,0.0
1665,0-3,51+,Hispanic,Female,High,Abs,0.0
1666,0-3,51+,Hispanic,Female,High,Low,0.06519269198179245
1667,0-3,51+,Hispanic,Female,High,Med,0.03244882822036743
1668,0-3,51+,Hispanic,Female,High,High,0.8396320939064026
1669,0-3,51+,Hispanic,Female,High,Very High,0.06272634118795395
1670,0-3,51+,Hispanic,Female,Very High,Abs,0.04010026529431343
1671,0-3,51+,Hispanic,Female,Very High,Low,0.0
1672,0-3,51+,Hispanic,Female,Very High,Med,0.3386923372745514
1673,0-3,51+,Hispanic,Female,Very High,High,0.06292341649532318
1674,0-3,51+,Hispanic,Female,Very High,Very High,0.5582839846611023
1675,3-8,51+,Hispanic,Female,Abs,Abs,0.9629419445991516
1676,3-8,51+,Hispanic,Female,Abs,Low,0.01715804822742939
1677,3-8,51+,Hispanic,Female,Abs,Med,0.00989999994635582
1678,3-8,51+,Hispanic,Female,Abs,High,0.0
1679,3-8,51+,Hispanic,Female,Abs,Very High,0.009999999776482582
1680,3-8,51+,Hispanic,Female,Low,Abs,0.12108449637889862
1681,3-8,51+,Hispanic,Female,Low,Low,0.7302402853965759
1682,3-8,51+,Hispanic,Female,Low,Med,0.009999999776482582
1683,3-8,51+,Hispanic,Female,Low,High,0.036694057285785675
1684,3-8,51+,Hispanic,Female,Low,Very High,0.10198116302490234
1685,3-8,51+,Hispanic,Female,Med,Abs,0.011324363760650158
1686,3-8,51+,Hispanic,Female,Med,Low,0.41673022508621216
1687,3-8,51+,Hispanic,Female,Med,Med,0.48100823163986206
1688,3-8,51+,Hispanic,Female,Med,High,0.06084350124001503
1689,3-8,51+,Hispanic,Female,Med,Very High,0.030093681067228317
1690,3-8,51+,Hispanic,Female,High,Abs,0.03927714005112648
1691,3-8,51+,Hispanic,Female,High,Low,0.018192516639828682
1692,3-8,51+,Hispanic,Female,High,Med,0.05581464245915413
1693,3-8,51+,Hispanic,Female,High,High,0.779997706413269
1694,3-8,51+,Hispanic,Female,High,Very High,0.10671796649694443
1695,3-8,51+,Hispanic,Female,Very High,Abs,0.09306566417217255
1696,3-8,51+,Hispanic,Female,Very High,Low,0.010201082564890385
1697,3-8,51+,Hispanic,Female,Very High,Med,0.3385545015335083
1698,3-8,51+,Hispanic,Female,Very High,High,0.037711355835199356
1699,3-8,51+,Hispanic,Female,Very High,Very High,0.5204674005508423
1700,8+,51+,Hispanic,Female,Abs,Abs,0.9758882522583008
1701,8+,51+,Hispanic,Female,Abs,Low,0.024111740291118622
1702,8+,51+,Hispanic,Female,Abs,Med,0.0
1703,8+,51+,Hispanic,Female,Abs,High,0.0
1704,8+,51+,Hispanic,Female,Abs,Very High,0.0
1705,8+,51+,Hispanic,Female,Low,Abs,0.08616208285093307
1706,8+,51+,Hispanic,Female,Low,Low,0.7610238790512085
1707,8+,51+,Hispanic,Female,Low,Med,0.020001590251922607
1708,8+,51+,Hispanic,Female,Low,High,0.0683051273226738
1709,8+,51+,Hispanic,Female,Low,Very High,0.06450732052326202
1710,8+,51+,Hispanic,Female,Med,Abs,0.010128568857908249
1711,8+,51+,Hispanic,Female,Med,Low,0.3658011555671692
1712,8+,51+,Hispanic,Female,Med,Med,0.4160105586051941
1713,8+,51+,Hispanic,Female,Med,High,0.05237877741456032
1714,8+,51+,Hispanic,Female,Med,Very High,0.15568095445632935
1715,8+,51+,Hispanic,Female,High,Abs,0.025426147505640984
1716,8+,51+,Hispanic,Female,High,Low,0.08384345471858978
1717,8+,51+,Hispanic,Female,High,Med,0.0404311940073967
1718,8+,51+,Hispanic,Female,High,High,0.7651783227920532
1719,8+,51+,Hispanic,Female,High,Very High,0.08512085676193237
1720,8+,51+,Hispanic,Female,Very High,Abs,0.15356068313121796
1721,8+,51+,Hispanic,Female,Very High,Low,0.026340384036302567
1722,8+,51+,Hispanic,Female,Very High,Med,0.4658505916595459
1723,8+,51+,Hispanic,Female,Very High,High,0.036784008145332336
1724,8+,51+,Hispanic,Female,Very High,Very High,0.31746435165405273
1725,0-3,51+,Other,Female,Abs,Abs,0.9735751748085022
1726,0-3,51+,Other,Female,Abs,Low,0.0036602667532861233
1727,0-3,51+,Other,Female,Abs,Med,0.020549234002828598
1728,0-3,51+,Other,Female,Abs,High,0.000992481131106615
1729,0-3,51+,Other,Female,Abs,Very High,0.0012228499399498105
1730,0-3,51+,Other,Female,Low,Abs,0.14991824328899384
1731,0-3,51+,Other,Female,Low,Low,0.7613755464553833
1732,0-3,51+,Other,Female,Low,Med,0.01681010238826275
1733,0-3,51+,Other,Female,Low,High,0.010022434405982494
1734,0-3,51+,Other,Female,Low,Very High,0.0618736669421196
1735,0-3,51+,Other,Female,Med,Abs,0.0
1736,0-3,51+,Other,Female,Med,Low,0.5029634833335876
1737,0-3,51+,Other,Female,Med,Med,0.49703651666641235
1738,0-3,51+,Other,Female,Med,High,0.0
1739,0-3,51+,Other,Female,Med,Very High,0.0
1740,0-3,51+,Other,Female,High,Abs,0.0
1741,0-3,51+,Other,Female,High,Low,0.06513150036334991
1742,0-3,51+,Other,Female,High,Med,0.03244234621524811
1743,0-3,51+,Other,Female,High,High,0.8394274115562439
1744,0-3,51+,Other,Female,High,Very High,0.06299872696399689
1745,0-3,51+,Other,Female,Very High,Abs,0.04009393975138664
1746,0-3,51+,Other,Female,Very High,Low,0.0
1747,0-3,51+,Other,Female,Very High,Med,0.338837206363678
1748,0-3,51+,Other,Female,Very High,High,0.06317397207021713
1749,0-3,51+,Other,Female,Very High,Very High,0.5578949451446533
1750,3-8,51+,Other,Female,Abs,Abs,0.9629881978034973
1751,3-8,51+,Other,Female,Abs,Low,0.017111817374825478
1752,3-8,51+,Other,Female,Abs,Med,0.00989999994635582
1753,3-8,51+,Other,Female,Abs,High,0.0
1754,3-8,51+,Other,Female,Abs,Very High,0.009999999776482582
1755,3-8,51+,Other,Female,Low,Abs,0.12239708006381989
1756,3-8,51+,Other,Female,Low,Low,0.728463888168335
1757,3-8,51+,Other,Female,Low,Med,0.009999999776482582
1758,3-8,51+,Other,Female,Low,High,0.03659604862332344
1759,3-8,51+,Other,Female,Low,Very High,0.10254295915365219
1760,3-8,51+,Other,Female,Med,Abs,0.011331521905958652
1761,3-8,51+,Other,Female,Med,Low,0.4157898724079132
1762,3-8,51+,Other,Female,Med,Med,0.48193076252937317
1763,3-8,51+,Other,Female,Med,High,0.0608491376042366
1764,3-8,51+,Other,Female,Med,Very High,0.030098697170615196
1765,3-8,51+,Other,Female,High,Abs,0.039267733693122864
1766,3-8,51+,Other,Female,High,Low,0.018131744116544724
1767,3-8,51+,Other,Female,High,Med,0.05579690262675285
1768,3-8,51+,Other,Female,High,High,0.779791533946991
1769,3-8,51+,Other,Female,High,Very High,0.10701211541891098
1770,3-8,51+,Other,Female,Very High,Abs,0.09306225925683975
1771,3-8,51+,Other,Female,Very High,Low,0.010201150551438332
1772,3-8,51+,Other,Female,Very High,Med,0.3387131094932556
1773,3-8,51+,Other,Female,Very High,High,0.03789660707116127
1774,3-8,51+,Other,Female,Very High,Very High,0.5201268792152405
1775,8+,51+,Other,Female,Abs,Abs,0.9759417772293091
1776,8+,51+,Other,Female,Abs,Low,0.024058250710368156
1777,8+,51+,Other,Female,Abs,Med,0.0
1778,8+,51+,Other,Female,Abs,High,0.0
1779,8+,51+,Other,Female,Abs,Very High,0.0
1780,8+,51+,Other,Female,Low,Abs,0.08733733743429184
1781,8+,51+,Other,Female,Low,Low,0.7593342661857605
1782,8+,51+,Other,Female,Low,Med,0.020001715049147606
1783,8+,51+,Other,Female,Low,High,0.06829286366701126
1784,8+,51+,Other,Female,Low,Very High,0.06503381580114365
1785,8+,51+,Other,Female,Med,Abs,0.010128197260200977
1786,8+,51+,Other,Female,Med,Low,0.36504778265953064
1787,8+,51+,Other,Female,Med,Med,0.41675662994384766
1788,8+,51+,Other,Female,Med,High,0.05238194391131401
1789,8+,51+,Other,Female,Med,Very High,0.1556854397058487
1790,8+,51+,Other,Female,High,Abs,0.025420065969228745
1791,8+,51+,Other,Female,High,Low,0.08380845189094543
1792,8+,51+,Other,Female,High,Med,0.040403712540864944
1793,8+,51+,Other,Female,High,High,0.7649335861206055
1794,8+,51+,Other,Female,High,Very High,0.0854342132806778
1795,8+,51+,Other,Female,Very High,Abs,0.15353547036647797
1796,8+,51+,Other,Female,Very High,Low,0.02634030021727085
1797,8+,51+,Other,Female,Very High,Med,0.4659815728664398
1798,8+,51+,Other,Female,Very High,High,0.036956001073122025
1799,8+,51+,Other,Female,Very High,Very High,0.3171866834163666
